handle	followers	source	kw	name	bio
hunterjisaacson	32687	follows	i build	Hunter J. Isaacson	I build apps you and your friends use. 400,000,000+ downloads and climbing. Founded & Designed @BagsApp @ngllink (acquired)
kjtrading	15966	follows	algo trader	Kevin Davey	World Cup of Futures Championship Winner. Investment Manager, Algo Trader, Author of Trading Books, full time dad.
bananagun	97632	follows	trading bot	Banana Gun 🍌🔫	The best trading bot, built by on-chain traders. 

ETH | SOL | BASE | BNB | SONIC | UNI

Only @BananaGun is real, watch out!

https://t.co/TNB8wS4dX5
yuriymatso	78026	follows	algo trader	Yuriy Matso	Futures and equities algo trader. My strategies are here: 1) https://t.co/wkKGkCvKa2 and 2) https://t.co/SUi7ktYQnR
ccxt_official	3510	follows	ccxt	CCXT Library	#CCXT @ccxt_official – #1 CryptoCurrency eXchange Trading Library
GoshawkTrades	71901	follows	ai agent|algorithmic trader	Goshawk Trades	Algorithmic trader | 7 years live | 10+ algos in production
Helping traders go algorithmic (300+ so far).
Co-founder @AskEdgarIO (AI agents for funds).
justloveabit	5957	follows	ai agent	loveabit	#Web3 建设者，炒币、合约、NFT、链游、Meme、撸空投全经历过。现在投身 #Web4 建设，从AI Agents做起，让AI为我们创造财富。
热点不放过，一起学习积累，一起暴富！
Learn & grow rich together!
BruHFT_quant	2576	follows	quant dev	bruHFT	Currently working on my own DPDK solution.

Started with Quant Dev, now doing Quant Research

Msc Physics & Maths
BursatilBoy	1890	follows	algorithmic trader	Boyka Trader	📊 Statistician | 💻 Engineer | 📈 Systematic / Algorithmic Trader | 🥋 Van Damme’s Trading Style | 🇲🇽 Posts in Spanish
DataChaz	170614	follows	ai agent	Charly Wargnier	Hermes + 🦞 @Openclaw tinkerer • Ex @Streamlit @Snowflake Maestro • Tweet about AI agents, LLMs and Automation • My ❤️ is open source • DM for collabs 📩
doboy88	5279	follows	ai agent	Cal	founder @fairwayco_ @birdiejuiceinc | innovation @vaynersports | building golf culture beverage brands and AI agents
