l,Business Name,AUM,First Name,Last Name,Role,Linkedin,Source
https://v3-app.compound.finance/,Compound V3,"1,666,126,960.56",Robert,Leshner,Co-Founder,https://www.linkedin.com/in/robert-leshner/,https://www.crunchbase.com/person/robert-leshner
https://v3-app.compound.finance/,Compound V3,"1,666,126,960.56",Geoffrey,Hayes,Co-Founder & CTO,https://www.linkedin.com/in/geoffrey-hayes-a0b0952a/,https://www.crunchbase.com/person/geoffrey-hayes
https://app.venus.io/#/core-pool,Venus Core Pool,"1,536,454,270.06",Joselito,Lizarondo,Founder,https://www.linkedin.com/in/joselitolizarondo/,https://pontem.network/posts/a-deep-dive-into-the-venus-protocol
https://app.venus.io/#/core-pool,Venus Core Pool,"1,536,454,270.06",Brad,Harrison,CEO Venus Labs,https://www.linkedin.com/in/bradharrison,https://theorg.com/org/venus/org-chart/brad-h
https://raydium.io,Raydium AMM,"1,499,196,238.01",Timon,Peng,Co-Founder,https://www.linkedin.com/in/timonpeng/,https://www.crunchbase.com/organization/raydium
https://app.lighter.xyz/trade/ETH?referral=FHT1N8AYKHP4,Lighter Bridge,"1,421,120,502.61",Vladimir,Novakovski,Founder & CEO,https://www.linkedin.com/in/vnovakovski/,https://fortune.com/2025/11/11/lighter-fundraise-founders-fund-ribbit-capital-haun-ventures-robinhood-vladimir-novakovski/
https://app.concrete.xyz,Concrete,"957,231,455.14",Nic,Roberts-Huntley,Co-Founder & CEO,https://www.linkedin.com/in/nicrh,https://fortune.com/crypto/2024/02/15/blueprint-finance-concrete-protocol-defi-credit/
https://app.concrete.xyz,Concrete,"957,231,455.14",Dillon,Liang,Co-Founder & CSO,https://www.linkedin.com/in/dillsl/,https://fortune.com/crypto/2024/02/15/blueprint-finance-concrete-protocol-defi-credit/
https://usdtb.money,Ethena USDtb,"850,869,599.44",Guy,Young,Founder & CEO,https://www.linkedin.com/in/guy-young-a11914279/,https://iq.wiki/wiki/guy-young
https://usdtb.money,Ethena USDtb,"850,869,599.44",Conor,Ryder,Head of Research,https://ie.linkedin.com/in/conor-ryder-cfa-82261b112,https://theorg.com/org/ethena-labs/org-chart/conor-ryder
https://www.asterdex.com/en/referral/c6eF10,Aster Bridge,"804,205,591.64",,,[ANONYMOUS - CEO known as "Leonard"],,https://www.ccn.com/news/crypto/behind-asters-rise-is-its-mysterious-ceo-known-simply-as-leonard/
https://kinetiq.xyz/stake,Kinetiq kHYPE,"781,625,046.61",,,[ANONYMOUS - Co-Founder known as "Omnia"],,https://iq.wiki/wiki/kinetiq-staked-hype-khype
https://starkgate.starknet.io,Starknet Bridge,"753,902,497.97",Eli,Ben-Sasson,Co-Founder & CEO StarkWare,https://il.linkedin.com/in/eli-ben-sasson-9b7959,https://en.wikipedia.org/wiki/StarkWare_Industries
https://starkgate.starknet.io,Starknet Bridge,"753,902,497.97",Uri,Kolodny,Co-Founder StarkWare,https://il.linkedin.com/in/urikolodny,https://starkware.co/about-us/
https://www.methprotocol.xyz/,mETH Protocol,"732,495,689.46",Jordi,Alexander,Chief Alchemist Mantle,https://sg.linkedin.com/in/jordialexndr,https://iq.wiki/wiki/jordi-alexander
https://www.methprotocol.xyz/,mETH Protocol,"732,495,689.46",Ben,Zhou,Co-Founder & CEO Bybit/Mantle backer,https://sg.linkedin.com/in/ben-zhou-b979ba28,https://cointelegraph.com/learn/articles/who-is-ben-zhou
https://app.renzoprotocol.com/restake,Renzo,"654,544,778.47",Lucas,Kozinski,Co-Founder,https://www.linkedin.com/in/lucas-kozinski-9931a020/,https://iq.wiki/wiki/lucas-kozinski
https://app.renzoprotocol.com/restake,Renzo,"654,544,778.47",James,Poole,Co-Founder & CTO,https://www.linkedin.com/in/james-poole-5518871/,https://www.crunchbase.com/person/james-poole-2
https://free.tech/,Free Protocol,"538,979,456.59",,,[ANONYMOUS - Team fully undisclosed],,https://defillama.com/protocol/free-protocol
https://merlinchain.io/bridge/staking,Merlins Seal,"556,074,439.84",Jeff,Yin,Founder & CEO,[NOT FOUND - uses @aspect_jeff on X],https://www.crunchbase.com/person/jeff-yin-924e
https://threshold.network/,tBTC,"555,595,077.47",Matt,Luongo,Founder & CEO Thesis,https://www.linkedin.com/in/mattluongo/,https://iq.wiki/wiki/matt-luongo
https://threshold.network/,tBTC,"555,595,077.47",MacLane,Wilkison,Co-Founder NuCypher/Threshold,https://www.linkedin.com/in/maclane-wilkison-67770a13,https://www.crunchbase.com/person/maclane-wilkison
https://lightning.network/,Lightning Network,"477,329,176.11",Thaddeus,Dryja,Co-Creator (whitepaper),https://www.linkedin.com/in/thaddeus-dryja-29620b53,https://voltage.cloud/blog/who-invented-the-lightning-network
https://lightning.network/,Lightning Network,"477,329,176.11",Elizabeth,Stark,Co-Founder & CEO Lightning Labs,[NOT CONFIRMED - search LinkedIn for Elizabeth Stark Lightning Labs],https://www.crunchbase.com/person/elizabeth-stark
https://cian.app,CIAN Yield Layer,"470,586,672.14",Luffy,He,Founder & CEO,https://nl.linkedin.com/in/luffy-he-116a7410,https://www.gate.com/learn/articles/a-comprehensive-guide-to-cian/6936
https://yearn.fi/,Yearn Finance,"431,057,476.97",Andre,Cronje,Founder,https://za.linkedin.com/in/andre-cronje,https://coinmarketcap.com/academy/people/andre-cronje
https://usdd.io/,USDD,"390,236,260.54",Justin,Sun,Founder TRON & USDD,https://ch.linkedin.com/in/justinsuntron,https://www.businesswire.com/news/home/20220420005462/en/
https://gmxsol.io/,GMX Perps,"391,853,163.30",,,[ANONYMOUS - Lead dev pseudonym @xdev_10],,https://beincrypto.com/learn/gmx-crypto/
https://tydro.com/,Tydro,"359,927,061.83",Andrew,Koller,Founder of Ink (parent chain),https://www.linkedin.com/in/andrewkoller/,https://www.theblock.co/post/374756/kraken-incubated-ethereum-l2-ink-rolls-out-tydro
https://app.hyperlend.finance/?ref=DEFILLAMA,HyperLend Pooled,"345,847,027.54",,,[ANONYMOUS - Team not publicly disclosed],,https://www.rootdata.com/Projects/detail/HyperLend
https://www.unirouter.io,UniRouter,"342,791,194.32",,,[ANONYMOUS - Team operates pseudonymously],,https://docs.unirouter.io/dataroom/team
https://makerdao.com/en/,Sky RWA,"92,892,884.72",Rune,Christensen,Co-Founder & CEO,https://dk.linkedin.com/in/runebentsenchristensen,https://www.crunchbase.com/person/rune-christensen
https://multichain.org/,Multichain,"92,697,516.75",Zhaojun,He,Co-Founder & CEO (arrested May 2023),[NOT FOUND],https://www.coindesk.com/business/2023/05/31/crypto-bridging-protocol-multichain-unable-to-contact-ceo-zhaojun
https://stake.link/staking-pools,stake.link liquid,"89,684,891.47",Jonny,Huxtable,Co-Founder & Tech Lead,https://uk.linkedin.com/in/jonnyhux,https://chainlinktoday.com/diving-into-linkpool-with-co-founder-jonny-huxtable/
https://connext.network/,Connext,"282,002,544.63",Arjun,Bhuptani,Founder & CEO,https://www.linkedin.com/in/arjunbhuptani,https://www.crunchbase.com/person/arjun-bhuptani
https://connext.network/,Connext,"282,002,544.63",Layne,Haber,Co-Founder,https://www.linkedin.com/in/layne-haber-41572889/,https://theorg.com/org/connext/org-chart/layne-haber
https://defisaver.com/,Defi Saver,"280,058,482.97",Nenad,Palinkasevic,Co-Founder & Project Owner,https://www.linkedin.com/in/nenad-palinkasevic/,https://thedefiant.io/news/defi/five-years-of-building-in-defi-the-story-of-defi-saver
https://defisaver.com/,Defi Saver,"280,058,482.97",Nikola,Jankovic,Co-Founder,https://www.linkedin.com/in/nikola-jankovic-4247c/,https://thedefiant.io/news/defi/five-years-of-building-in-defi-the-story-of-defi-saver
https://www.agglayer.dev/agglayer-vaultbridge,Vault Bridge,"260,649,662.41",Sandeep,Nailwal,Co-Founder Polygon/AggLayer,https://www.linkedin.com/in/sandeep-nailwal-60709a33/,https://www.entrepreneur.com/en-in/news-and-trends/agglayer-will-stand-the-test-of-time-sandeep-nailwal
https://aero.drome.eth.limo/,Aerodrome Slipstream,"248,152,213.48",Alexander,Cutler,Co-Founder,https://uk.linkedin.com/in/alexandercutleruk,https://iq.wiki/wiki/alexander-cutler
https://yieldbasis.com/,Yield Basis,"208,161,316.36",Michael,Egorov,Founder (also Curve founder),https://www.linkedin.com/in/michael-egorov/,https://www.coindesk.com/business/2025/09/26/curve-finance-founder-michael-egorov-launches-bitcoin-yield-protocol
https://infrared.finance,Infrared Finance,"221,186,145.97",,,[ANONYMOUS - CEO pseudonym "Raito"],,https://www.theblock.co/post/344455/berachain-infrared-series-a-token-round
https://www.b14g.xyz/,b14g,"234,047,352.68",,,[ANONYMOUS - Team fully undisclosed],,https://docs.b14g.xyz
https://homora.org/,Homora,"110,273,717.07",Tascha,Punyaneramitdee,Co-Founder & CEO,https://www.linkedin.com/in/tascha-panpan/,https://www.crunchbase.com/person/tascha-punyaneramitdee
https://homora.org/,Homora,"110,273,717.07",Nipun,Pitimanaaree,Co-Founder & Lead Engineer,https://www.linkedin.com/in/nipunpitimanaaree/,https://www.cypherhunter.com/en/p/nipun-pitimanaaree/
https://app.marginfi.com,marginfi Lending,"108,957,912.19",Edgar,Pavlovsky,Founder (resigned April 2024),https://www.linkedin.com/in/edgarpavlovsky/,https://www.coindesk.com/tech/2024/04/11/marginfi-leader-resigns-on-fiery-day-for-major-solana-lender/
https://railgun.org,Railgun,"100,131,691.88",Alan,Scott,Co-Founder,[NOT FOUND - privacy-focused project],https://www.dlnews.com/articles/defi/railgun-co-founder-talks-crypto-privacy-and-tornado-cash/
https://springsui.com/,SpringSui,"133,490,492.02",Rooter,,Founder (pseudonym),https://www.linkedin.com/in/0xrooter/,https://www.coindesk.com/business/2024/12/05/suilend-plots-new-crypto-finance-services-on-sui/
https://tectonic.finance/,Tectonic,"130,937,566.15",Gary,Or,Founder (via Particle B incubator),https://hk.linkedin.com/in/pinglamb,https://blog.cronos.org/p/cronos-ecosystem-spotlight-tectonic
https://www.reservoir.xyz,Reservoir Protocol,"78,252,578.23",Peter,Watts,Co-Founder & CEO,https://au.linkedin.com/in/peter-watts-45361336b,https://www.theblock.co/post/338994/token-trading-reservoir-funding
https://www.reservoir.xyz,Reservoir Protocol,"78,252,578.23",Jason,Maier,Co-Founder & COO,https://www.linkedin.com/in/jason-maier-93081230/,https://fortune.com/crypto/2025/02/05/union-square-ventures-leads-14-million-round-in-reservoir/
https://karak.network,OpenGDP Shared Security,"82,716,259.55",Raouf,Ben-Har,Co-Founder Andalusia Labs,[SEARCH: Raouf Ben-Har on LinkedIn],https://blockworks.co/news/universal-restaking-layer-andalusia-labs
https://karak.network,OpenGDP Shared Security,"82,716,259.55",Drew,Patel,Co-Founder Andalusia Labs,[SEARCH: Drew Patel Andalusia Labs on LinkedIn],https://techcrunch.com/2023/12/13/andalusia-labs-series-a-fundraise/
https://tonstakers.com,Tonstakers LSD,"73,994,413.48",Andrew,Rogozov,Founder & CEO TOP,https://www.linkedin.com/in/andrew-rogozov-a27b1b3/,https://cryptoslate.com/press-releases/former-vk-com-ceo-andrew-rogozov-joins-ton-foundation/
https://www.usefelix.xyz?ref=4BF702FF,Felix Vaults,"165,606,467.44",Charlie,Ambrose,Co-Founder,https://www.linkedin.com/in/charlieambrose/,https://iq.wiki/wiki/felix-protocol
https://pharaoh.se/,Pharaoh,"43,459,505.97",,,[ANONYMOUS - pseudonymous team from Glacier/RAMSES],,https://medium.com/@pharaohexchange/pharaohs-rise-4ccec14d4fc0
https://alchemix.fi/,Alchemix,"42,699,890.48",Scoopy,Trooples,Co-Founder (pseudonym),[NOT FOUND - pseudonymous],https://iq.wiki/wiki/scoopy-trooples
https://app.spectra.finance/fixed-rate,Spectra,"40,105,840.03",Gaspard,Peduzzi,Co-Founder & CEO,https://www.linkedin.com/in/gaspardpeduzzi/,https://iq.wiki/wiki/apwine-finance
https://app.spectra.finance/fixed-rate,Spectra,"40,105,840.03",Antoine,Mouran,Co-Founder,https://fr.linkedin.com/in/antoine-mouran,https://iq.wiki/wiki/apwine-finance
https://ekubo.org/,Ekubo,"62,046,615.01",Moody,Salem,Founder,[SEARCH: Moody Salem on LinkedIn],https://www.starknet.io/blog/ekubo-the-amm-endgame/
https://www.pendle.magpiexyz.io/stake,Penpie,"62,994,820.66",Ali,Raheman,Founder Magpie XYZ ecosystem,https://ae.linkedin.com/in/rahemanali,https://blog.magpiexyz.io/pendle-finance-meets-magpie-penpie
https://camelot.exchange/,Camelot,"32,499,167.44",,,[ANONYMOUS - pseudonymous founders: Myrddin + Zephram Lou],,https://www.coindesk.com/business/2023/04/07/arbitrum-based-camelot-crypto-exchange/
https://solayer.org,Solayer Restaking,"28,893,734.17",Jason,Li,Co-Founder,https://www.linkedin.com/in/lxjhk/,https://cryptonews.com/exclusives/jason-li-co-founder-of-solayer-labs/
https://capyfi.com/,Capyfi,"99,594,618.20",Sebastian,Serrano,CEO Ripio (incubator),https://www.linkedin.com/in/sebastianserrano/,https://www.crunchbase.com/person/sebastian-serrano
https://www.ourbit.com,Ourbit,"103,324,106.36",,,[ANONYMOUS - Team not publicly disclosed],,https://coinmarketcap.com/exchanges/ourbit/
https://terminal.fi/,Terminal Finance Pre-Deposits,"78,321,381.09",Sam,Benyakoub,Co-Founder & CEO,https://be.linkedin.com/in/sammybenyakoub,https://www.dlnews.com/research/internal/terminals-sam-benyakoub-on-building-a-yield-bearing-dex/
https://omni.apex.exchange/join/LLAMAS123,Apex Omni,"44,927,014.53",Dave,Myers,Founder & CEO,https://www.linkedin.com/in/davenmyers/,https://iq.wiki/wiki/apex-protocol
https://omni.apex.exchange/join/LLAMAS123,Apex Omni,"44,927,014.53",Quentin,Deroissart,Chief Commercial Officer,https://www.linkedin.com/in/quentinderoissart/,https://tokeninsight.com/en/coins/apex-protocolapex/team
https://www.orangex.com,OrangeX,"44,751,359.14",Carlos,Egana,CEO,https://www.linkedin.com/in/carlos-egana-30521214/,https://tracxn.com/d/companies/orangex/
https://lfj.gg/arbitrum/trade,Joe V2.2,"44,626,968.71",,,[ANONYMOUS - pseudonymous: 0xMurloc + Cryptofish],,https://coinbureau.com/review/trader-joe/
https://app.beraborrow.com/,Beraborrow,"43,899,006.95",,,[ANONYMOUS - Team not publicly disclosed],,https://www.rootdata.com/Projects/detail/Beraborrow
https://app.extrafi.io/,Extra Finance Leverage Farming,"45,585,650.56",,,[ANONYMOUS - Team not publicly disclosed],,https://docs.extrafi.io/extra_finance/faq
https://agni.finance/,Agni Finance,"38,989,373.35",,,[ANONYMOUS - Team not publicly disclosed],,https://tracxn.com/d/companies/agni-finance/
https://www.nodedao.com,NodeDAO,"60,529,854.02",Zhong Gengfa,Sailor,Founder & CEO ChainUp (initiator),https://www.linkedin.com/in/sailor-zhong-4b5114181/,https://www.crunchbase.com/person/zhong-gengfa
https://veno.finance/,Veno Finance,"56,584,063.89",,,[ANONYMOUS - Team not publicly disclosed],,https://docs.veno.finance/veno-finance
https://nest.credit/,Nest Credit,"42,869,157.48",Chris,Yin,Co-Founder & CEO Plume Network,https://www.linkedin.com/in/chrisyin,https://www.crunchbase.com/person/chris-yin-9ffa
https://nest.credit/,Nest Credit,"42,869,157.48",Teddy,Pornprinya,Co-Founder & CBO Plume Network,https://www.linkedin.com/in/teddy-pornprinya-b22b40a9/,https://iq.wiki/wiki/teddy-pornprinya
https://www.aevo.xyz,Aevo Perps,"28,243,669.78",Julian,Koh,Co-Founder & CEO,https://www.linkedin.com/in/juliankohtx/,https://www.crunchbase.com/organization/aevo-a33f
https://www.aevo.xyz,Aevo Perps,"28,243,669.78",Ken,Chan,Co-Founder & CTO,https://www.linkedin.com/in/ken-chan-gh/,https://www.crunchbase.com/organization/aevo-a33f
https://gravity.xyz/,Gravity by Galxe,"27,863,399.23",Charles,Wayn,Co-Founder,https://www.linkedin.com/in/charleswayn/,https://www.crunchbase.com/person/charles-wayn
https://gravity.xyz/,Gravity by Galxe,"27,863,399.23",Harry,Zhang,Co-Founder,https://www.linkedin.com/in/harry-zhang-4a3343b1/,https://tracxn.com/d/companies/galxe/
https://mor.org,Morpheus,"27,035,793.50",David A.,Johnston,Lead Technologist & Code Maintainer,https://www.linkedin.com/in/davidajohnston,https://djohnstonec.medium.com/morpheus-658bfd4a0617
https://badger.com/,Badger DAO,"26,451,020.63",Chris,Spadafora,Founder,https://ca.linkedin.com/in/chrisspadafora,https://iq.wiki/wiki/chris-spadafora
https://badger.com/,Badger DAO,"26,451,020.63",Ameer,Rosic,Co-Founder,https://www.linkedin.com/in/ameerrosic/,https://iq.wiki/wiki/badgerdao
https://www.bitu.io,BitU Protocol,"26,363,775.29",,,[ANONYMOUS - Team not publicly disclosed],,https://www.rootdata.com/Projects/detail/BitU
https://curvance.com/,Curvance,"26,162,439.72",Chris,Carapola,Co-Founder,https://www.linkedin.com/in/chris-carapola/,https://www.theblock.co/post/266047/curvance-seed-round
https://www.kava.io/,Kava Mint,"25,380,630.03",Scott,Stuart,Co-Founder & CEO,https://www.linkedin.com/in/scottcstuart/,https://www.crunchbase.com/organization/kava-labs
https://www.kava.io/,Kava Mint,"25,380,630.03",Brian,Kerr,Co-Founder,https://www.linkedin.com/in/brianhenningkerr/,https://www.crunchbase.com/organization/kava-labs
https://syncswap.xyz/,SyncSwap,"25,205,474.96",,,[ANONYMOUS - Team fully undisclosed],,https://tokeninsight.com/en/coins/syncswap/team
https://blur.io/,Blur Bids,"29,800,233.69",Tieshun,Roquerre,Co-Founder & CEO (Pacman),https://www.linkedin.com/in/tieshun-roquerre-06181659/,https://www.coindesk.com/web3/2023/02/22/nft-marketplace-blur-co-founder-pacman-reveals-identity
https://blur.io/,Blur Bids,"29,800,233.69",Anthony,Liu,Co-Founder & CTO (Galaga),https://www.linkedin.com/in/anthonyscottliu/,https://decrypt.co/121950/blur-founder-pacman-high-school-mit-dropout
https://www.40acres.finance/,40 Acres,"29,573,154.58",,,[ANONYMOUS - Founder pseudonym "Mule"],,https://40acresfinance.substack.com/
https://sovryn.app,Sovryn Zero,"31,109,424.36",Edan,Yago,Founder & CEO,https://www.linkedin.com/in/edanyago/,https://www.crunchbase.com/person/edan-yago
https://zklink.io,zkLink Nova,"22,879,024.51",Vince,Yang,Co-Founder & CEO,https://www.linkedin.com/in/vince-zk-88947927b/,https://medium.com/morningstar-ventures/founder-story-vince-yang-zklink-3dfc956d9900
https://dinero.xyz,Dinero (pxETH),"22,486,853.11",,,[ANONYMOUS - pseudonym "0xSami" from Redacted Cartel],,https://coinmarketcap.com/academy/article/what-is-redacted-cartel-s-decentralized-stablecoin-dinero
https://bridge.orbitchain.io,Orbit Bridge,"22,403,463.13",Jinhan,Choi,CEO Ozys,[NOT CONFIRMED],https://medium.com/orbit-chain/official-statement-regarding-orbit-bridge-exploit-551928f3dc52
https://yieldyak.com,Yield Yak Aggregator,"22,489,426.67",,,[ANONYMOUS - pseudonym "Yak Man"],,https://medium.com/avalancheavax/yield-yak-continues-rapid-growth/
https://linearprotocol.org,LiNEAR Protocol,"45,713,750.24",,,[ANONYMOUS - early NEAR core contributors],,https://www.rootdata.com/Projects/detail/LiNEAR%20Protocol
https://hypurr.fi,HypurrFi Pooled,"54,166,537.93",Andrew,Redden,Co-Founder & CEO,https://ca.linkedin.com/in/androolloyd,https://www.decentralised.co/p/ep-45-making-debt-move-faster-with
https://wrapped.com,Wrapped,"36,545,954.82",James,Poole,Co-Founder & CTO Tokensoft,https://www.linkedin.com/in/james-poole-5518871/,https://www.tokensoft.com/about
https://app.reya.xyz/trade?referredBy=z9hwcwwd,Reya Perps,"25,899,417.94",Simon,Jones,Co-Founder & CEO,https://www.linkedin.com/in/simon-jones-9498239b/,https://docs.reya.xyz/reya-products/reya-network/whos-behind-reya-network
https://app.reya.xyz/trade?referredBy=z9hwcwwd,Reya Perps,"25,899,417.94",Artur,Begyan,Co-Founder & CTO,https://www.linkedin.com/in/arturbegyan/,https://www.crunchbase.com/organization/reya-4bcf
https://farm.bucketprotocol.io,Bucket Farm,"37,981,837.75",,,[ANONYMOUS - Team not publicly disclosed],,https://www.rootdata.com/Projects/detail/Bucket%20Protocol
https://hyperunit.xyz/deposit,Unit,"583,318,001.20",,,[ANONYMOUS - Team claims HRT/Jump/Fortress backgrounds but no names disclosed],,https://www.rootdata.com/Projects/detail/Unit?k=MTYzMzU%3D
https://ultrayield.app/,UltraYield by Edge,"181,755,056.94",Vadim,Khramov,Founder & CIO Edge Capital,https://www.linkedin.com/in/vadim-khramov-555b8716/,https://www.coindesk.com/business/2022/10/20/stealthy-crypto-hedge-fund-edge-capital-raises-668m-for-defi-bets/
https://app.txsync.io/bridge,zkSync Era txBridge,"181,724,819.40",Alex,Gluchowski,Co-Founder & CEO Matter Labs,https://www.linkedin.com/in/gluchowski/,https://mpost.io/matter-labs-co-founder-ceo-alex-gluchowski-on-pioneering-zksync-and-transforming-blockchain-scalability/
https://ao.arweave.net/,AO Bridge,"158,852,501.34",Sam,Williams,Co-Founder & CEO Arweave,https://www.linkedin.com/in/samwilliams/,https://www.crunchbase.com/person/sam-williams-7fad
https://app.silo.finance,Silo,"91,266,579.75",Aiham,Jaabari,Founding Contributor,[NOT FOUND],https://www.crunchbase.com/person/aiham-jaabari
https://xtrade.gg/,Kinetiq Earn,"67,288,618.31",,,[ANONYMOUS - Team of 13 contributors since 2013],,https://oakresearch.io/en/analyses/innovations/kinetiq-khype-catalyst-liquid-staking-hyperliquid
https://www.matrixdock.com/home,MatrixDock XAUM,"66,407,185.47",Jihan,Wu,Co-Founder & Chairman Matrixport,[NOT FOUND],https://en.wikipedia.org/wiki/Jihan_Wu
https://www.matrixdock.com/home,MatrixDock XAUM,"66,407,185.47",Yuesheng,Ge,Co-Founder & CEO Matrixport,https://sg.linkedin.com/in/yuesheng-ge-6aaa3b1a4,https://www.crunchbase.com/person/yuesheng-ge
https://tzbtc.io/transparency,tzBTC,"66,283,359.42",Luzius,Meisser,Founder Bitcoin Association Switzerland,https://ch.linkedin.com/in/luziusmeisser,https://www.bitcoinassociation.ch/board
https://tzbtc.io/transparency,tzBTC,"66,283,359.42",Niklas,Nikolajsen,Founder Bitcoin Suisse / President BAS,https://ch.linkedin.com/in/niklasnikolajsen,https://www.bitcoinassociation.ch/board
https://app.opinion.trade?code=hV0KVj,OPINION,"66,017,095.60",Forrest,Liu,Founder & CEO,https://hk.linkedin.com/in/forrestliu000,https://www.coindesk.com/business/2026/02/04/opinion-raises-usd20-million-as-prediction-markets-draw-capital-in-a-weak-crypto-market
https://www.nucleusearn.io,Nucleus,"63,165,426.59",Chunda,McCain,Co-Founder & CEO Ion Protocol,https://www.linkedin.com/in/chundamccain/,https://www.theblock.co/post/310470/ion-protocol-raise-nucleus
https://www.nucleusearn.io,Nucleus,"63,165,426.59",Jun,Kim,Co-Founder Ion Protocol,[NOT FOUND],https://www.theblock.co/post/310470/ion-protocol-raise-nucleus
https://merchantmoe.com/,Merchant Moe Liquidity Book,"61,764,444.49",,,[PSEUDONYMOUS - Co-Founders 0xMurloc + Cryptofish from Trader Joe],,https://iq.wiki/wiki/trader-joe
https://ring.exchange/#/earn,Ring Few,"59,835,979.07",,,[ANONYMOUS - Team not publicly disclosed],,https://defillama.com/protocol/ring-few
https://stusdt.io/#/home,stUSDT,"58,965,748.41",Justin,Sun,Founder TRON / Controller of stUSDT,https://www.linkedin.com/today/author/justinsuntron,https://protos.com/on-chain-data-shows-justin-sun-controls-virtually-all-stusdt/
https://b.watch/#/,Bwatch,"58,324,019.00",Xiaolai,Li,Founder,[NOT FOUND - operates on Chinese platforms],https://en.wikipedia.org/wiki/Li_Xiaolai
https://vfat.io/yield,vfat.io,"55,466,503.50",,,[PSEUDONYMOUS - Founder goes by "vfat" @vfat0],,https://www.rootdata.com/Projects/detail/vfat?k=MTI3OTE%3D
https://lite.zksync.io/,zkSync Lite Bridge,"49,671,276.09",Alex,Gluchowski,Co-Founder & CEO Matter Labs,https://www.linkedin.com/in/gluchowski/,https://mpost.io/matter-labs-co-founder-ceo-alex-gluchowski-on-pioneering-zksync-and-transforming-blockchain-scalability/
https://lite.zksync.io/,zkSync Lite Bridge,"49,671,276.09",Alexandr,Vlasov,Co-Founder & Head of R&D Matter Labs,https://ca.linkedin.com/in/alexandr-vlasov-4863404a,https://a16zcrypto.com/posts/article/investing-in-matter-labs/
https://www.cetus.zone,Cetus CLMM,"49,048,522.48",Henry,Du,Co-Founder,[NOT FOUND],https://tokeninsight.com/en/coins/cetus-protocol/team
https://app.realms.today/realms,Realms,"42,255,282.69",Sebastian,Bor,Founder / Owner Realms Today LTD,https://uk.linkedin.com/in/sebastian-bor,https://www.coindesk.com/business/2024/10/22/solanas-crypto-governance-hub-realms-is-under-new-management/
https://app.realms.today/realms,Realms,"42,255,282.69",Dean,Pappas,Co-Lead / Director,[NOT FOUND],https://deanmachine.medium.com/launching-the-new-realms-ecosystem-429245a203b8
https://www.alpacafinance.org/,Alpaca Leveraged Yield Farming,"41,449,726.92",,,[ANONYMOUS - Founder pseudonym "Huacayachief"],,https://medium.com/alpaca-finance/introducing-alpaca-finance-d6e858896efd
https://lending.metalx.com,MetalX Lending,"40,494,539.64",Marshall,Hayner,Co-Founder & CEO Metallicus,https://www.linkedin.com/in/marshallhayner/,https://www.metallicus.com/blog/meet-marshall-hayner-of-metallicus
https://lending.metalx.com,MetalX Lending,"40,494,539.64",Glenn,Marien,Co-Founder & CTO Metallicus,[NOT FOUND],https://www.crunchbase.com/person/glenn-mari%C3%ABn
https://daoaas.io/swap,Dswap,"40,275,793.92",,,[ANONYMOUS - Team not publicly disclosed],,https://defillama.com/protocol/daoaas
https://alphaping.ch/,AlphaPing,"37,236,977.34",,,[ANONYMOUS - Swiss company (Buchrain LU) founded 2017 - no team names disclosed],,https://alphaping.ch/about-us/
https://aqua.network,Aquarius Stellar,"35,173,611.88",Dmitri,Gmyza,Co-Founder Ultra Stellar,https://www.linkedin.com/in/dmitrig8/,https://ultrastellar.com/
https://aqua.network,Aquarius Stellar,"35,173,611.88",Gleb,Pitsevich,Co-Founder Ultra Stellar,https://www.linkedin.com/in/pitsevich/,https://www.crunchbase.com/person/gleb-pitsevich
https://www.volo.fi/,Volo Vault,"35,170,165.50",,,[ANONYMOUS - Acquired by NAVI Protocol Jan 2024 - original founders unknown],,https://medium.com/@navi.protocol/navi-protocol-acquires-liquid-staking-protocol-volo-55ca7925f7c9
https://venomstake.com,VenomStake,"33,175,726.73",Peter,Knez,Chairman Venom Foundation (ex-CIO BlackRock),https://www.linkedin.com/in/pknez/,https://www.nasdaq.com/articles/from-pioneering-etfs-to-bringing-tradfi-to-web3-a-conversation-with-venoms-peter-knez
https://venomstake.com,VenomStake,"33,175,726.73",Kai-Uwe,Steck,Co-Founder Venom Foundation,[NOT FOUND],https://iq.wiki/wiki/venom-foundation
https://zkevm.cronos.org/,Cronos zkEVM Bridge,"32,737,702.51",Kris,Marszalek,Co-Founder & CEO Crypto.com,https://www.linkedin.com/in/krismarszalek/,https://coinmarketcap.com/academy/people/kris-marszalek
https://zkevm.cronos.org/,Cronos zkEVM Bridge,"32,737,702.51",Rafael,Melo,Co-Founder & CFO Crypto.com,[NOT FOUND],https://www.crunchbase.com/person/rafael-melo
https://moonlander.trade/,Moonlander,"31,654,441.65",,,[PSEUDONYMOUS - Co-Founder known as "Athena"],,https://www.rootdata.com/Projects/detail/Moonlander?k=MTYzNzk%3D
https://ts.finance/termmax/,TermMax,"28,615,295.19",Jerry,Li,Co-Founder & CEO Term Structure,https://www.linkedin.com/in/jerry-li-6887561a6/,https://ts.finance/team/
https://ts.finance/termmax/,TermMax,"28,615,295.19",Vincent W.,Li,Co-Founder & CTO Term Structure,https://www.linkedin.com/in/vincentli99/,https://ts.finance/team/
https://eth.verusbridge.io/,Verus Market,"28,415,903.70",Michael J.,Toutonghi,Founder & Lead Developer (ex-Microsoft VP),https://www.linkedin.com/in/michaeltoutonghi/,https://www.verus.io/people
https://www.colend.xyz,Colend Protocol,"28,081,263.07",,,[ANONYMOUS - Team not publicly disclosed],,https://www.rootdata.com/Projects/detail/Colend?k=MTI1NjQ%3D
https://magmafinance.io/,Magma,"27,685,681.28",,,[ANONYMOUS - Team not publicly identified],,http://www.rootdata.com/Projects/detail/Magma%20Finance?k=MTYzNjI%3D
https://flare.sceptre.fi,Sceptre Liquid,"26,417,646.59",JD,Gagnon,Co-Founder Rome Blockchain Labs,https://www.linkedin.com/in/jdgagnon/,https://flare.network/news/liquid-staking-protocol-sceptre-launching-on-flare
https://flare.sceptre.fi,Sceptre Liquid,"26,417,646.59",Alexander,Elhorst,COO RBL / CEO Sceptre,[NOT FOUND],https://blockleaders.io/liquid-staking-comes-to-flare-network/
https://app.youves.com,Youves,"25,294,331.71",Werner,Broennimann,Co-Founder ubinetic,https://ch.linkedin.com/in/werner-broennimann-a75616,https://cryptocoin.news/news/altcoin/synthetic-assets-on-tezos-a-deep-look-inside-youves-with-werner-broennimann-co-founder-64782/
https://vectis.finance,Vectis Finance,"24,953,480.14",,,[ANONYMOUS - Team not publicly identified],,https://defillama.com/protocol/vectis-finance
https://adrastea.fi/,Adrastea Validator,"24,654,539.53",,,[PSEUDONYMOUS - CEO "BM" and CTO "Null"],,https://discuss.jup.ag/t/lfg-launchpad-adrastea-finance-defi-strategies/7550
https://app.stackingdao.com,StackingDAO,"24,111,614.18",Philip,De Smedt,Co-Founder (also Arkadiko Founder),[NOT FOUND - personal site: philipdesmedt.com],https://www.crunchbase.com/person/philip-de-smedt
https://app.stackingdao.com,StackingDAO,"24,111,614.18",Tycho,Onnasch,Co-Founder (Forbes 30u30),https://uk.linkedin.com/in/tychokoonnasch,https://stacks.org/stackingdao-spotlight
https://merlinswap.org,MerlinSwap,"23,341,663.98",Jimmy,Yin,Co-Founder & CEO iZUMi Finance,[NOT FOUND - active as @0xJimmyYin on X],https://izumi-finance.medium.com/izumi-launches-merlinswap-to-extend-dex-as-a-service-to-bitcoins-defi-ecosystem-81567ca5313a
https://etherex.finance/,Etherex CL,"22,817,520.09",,,[ANONYMOUS - Built by "Kingdom" team behind Nile Exchange on Linea],,https://linea.build/blog/meet-etherex-lineas-next-gen-liquidity-hub-1
https://goldfinger.finance/en,GoldFinger,"22,351,427.62",,,[ANONYMOUS - No team info found],,
https://hakutora.xyz,Hakutora,"22,159,902.78",,,[ANONYMOUS - Team operates as @0xhakutora],,https://defillama.com/protocol/hakutora
https://kai.finance,Kai Finance,"21,842,541.40",Kresimir,Klas,Lead Developer / Founder Kuna Labs,https://hr.linkedin.com/in/kre%C5%A1imir-klas-637b2612b,https://kunalabs.io/
https://app.nado.xyz/,Nado Spot,"20,863,907.44",,,[ANONYMOUS - Built by Kraken/Ink team but individual names not disclosed for Nado],,https://docs.nado.xyz
https://app.thala.fi/lsd,Thala LSD,"20,761,911.56",Adam,Cader,Co-Founder & CEO (ex-ParaFi Capital),[SEARCH: Adam Cader Thala on LinkedIn],https://whitestarcapital.com/companies/thala-labs/
https://app.thala.fi/lsd,Thala LSD,"20,761,911.56",San,Lee,Co-Founder & Business Lead,https://www.linkedin.com/in/san-l-1b68a9152/,https://www.theblock.co/post/177279/parafi-backs-thala-labs-6-million-raise-to-build-defi-stack-on-aptos-exclusive
https://yuzu.money/,Yuzu Money,"20,344,990.82",,,[ANONYMOUS - Incubated by Ouroboros Capital],,https://iq.wiki/wiki/yuzu-money
https://pando.im,Pando Leaf,"18,785,248.93",,,[ANONYMOUS - Built by Mixin Trusted Group nodes],,https://docs.pando.im/docs/security/mtg/
https://pico-sol.com,Pico Staked SOL,"18,546,524.70",,,[ANONYMOUS - Japanese Solana validator team],,https://pico-sol.com/en/about-picosol-validator/
https://knightrade.io/,Knightrade,"18,507,608.03",,,[NO INFO FOUND - Platform very obscure],,
https://app.hyperswap.exchange/#/swap?referral=defillama,HyperSwap,"18,151,512.04",,,[PSEUDONYMOUS - Co-Founders known as CryptoPoulpe (Leo) and Ryzed],,https://medium.com/@uncoilhype/hyperswap-building-the-base-layer-for-onchain-liquidity-0150e5150ff9
https://loopring.org/#/,Loopring,"17,910,431.50",Daniel,Wang,Founder,https://cn.linkedin.com/in/dong77,https://defiprime.com/loopring-protocol
https://loopring.org/#/,Loopring,"17,910,431.50",Steve,Guo,CEO (former CTO),https://www.linkedin.com/in/steve-guo-09866618/,https://www.coindesk.com/business/2022/02/03/loopring-names-cto-steve-guo-as-ceo-replacing-founder-wang
https://hibt.com,Hibt,"17,426,604.09",,,[ANONYMOUS - Canada-based 200+ team rebranded from HotsCoin],,https://support.hibt.com/hc/en-us/articles/8333433637391-About-Us
https://btcfi.one,BTCFi CDP,"17,340,604.61",Dohyun,Pak,CEO & Co-Founder Bifrost,https://www.linkedin.com/in/dohyun-pak-682781a/,https://hackernoon.com/i-see-defi-as-the-future-of-finance-dohyun-pak-ceo-and-co-founder-of-bifrost-934x3517
https://btcfi.one,BTCFi CDP,"17,340,604.61",Changhyun,Yoo,COO & Co-Founder Bifrost,https://www.linkedin.com/in/changhyun-yoo0/,https://golden.com/wiki/BiFi-6AJ6EJM
https://flokifi.com,FlokiFi Locker,"17,332,126.55",Jackie,Xu,Lead Developer,[NOT FOUND],https://blog.floki.com/floki-inu-ama-with-bull-crypto-28ca51b57216
https://fluxbeam.xyz,FluxBeam,"17,071,083.08",,,[ANONYMOUS - Low-profile Solana developer team],,https://docs.fluxbeam.xyz/
https://beets.fi,Beets LST,"16,750,407.89",,,[ANONYMOUS - Team maintains anonymity per project policy],,https://blog.fantom.foundation/fantom-ecosystem-spotlight-beethoven-x/
https://bend.berachain.com,BEND,"16,561,634.42",,,[ANONYMOUS - Berachain founders pseudonymous: Papa Bear/Smokey/Dev Bear/Man Bera],,https://tracxn.com/d/companies/berachain/
https://app.sentiment.xyz?refCode=dcd82abec7,Sentiment,"16,327,565.91",,,[ANONYMOUS - Team not publicly disclosed],,https://www.sentiment.xyz/
https://asseto.finance/product,Asseto AoABT,"16,197,298.63",Bridget,Li,Co-Founder & CEO,[NOT FOUND],https://x.com/AssetoFinance/status/1934797707450982818
https://rings.money/,Trevee Earn,"15,870,426.66",,,[ANONYMOUS - Developed by Mithras Labs team],,https://iq.wiki/wiki/trevee
https://abracadabra.money/,Abracadabra Spell,"15,547,793.12",Daniele,Sestagalli,Co-Founder,https://ch.linkedin.com/in/daniele-sestagalli-aa293487,https://cryptobriefing.com/who-is-daniele-sestagalli/
http://www.lolik.com,Lolik Liquid Staking,"14,843,130.27",Vakhtang,Abrahamyan,CEO Fastex (parent company),https://www.linkedin.com/in/vakhtang-abrahamyan-0b97345/,https://learn.fastex.com/newsroom/first-uae-blockchain-bahamut-chain
https://catfee.io/staking/,CatFee Staking Vault,"14,736,748.07",,,[ANONYMOUS - CatFee Core Team of 6 members],,https://forum.trondao.org/t/staking-vault-by-catfee-core-team-tron-staking-for-micro-users/33521
https://brotocol.xyz/,Brotocol,"14,652,549.03",,,[ANONYMOUS - Team not publicly disclosed],,https://brotocol.xyz/about
https://app.roninchain.com/swap#/swap,Katana DEX,"14,547,006.03",Trung,Nguyen,Co-Founder & CEO Sky Mavis,https://vn.linkedin.com/in/trungfinity,https://restofworld.org/profile/trung-nguyen/
https://app.roninchain.com/swap#/swap,Katana DEX,"14,547,006.03",Aleksander,Larsen,Co-Founder & COO Sky Mavis,https://no.linkedin.com/in/psycheout86,https://www.crunchbase.com/person/aleksander-leonard-larsen
https://stakee.org,Stakee,"14,055,084.33",,,[ANONYMOUS - TON staking protocol with anonymous team],,https://flagship.fyi/outposts/dapps/a-deep-dive-into-stakee/
https://www.mayaprotocol.com,Maya Protocol,"14,034,707.00",,,[ANONYMOUS - Pseudonymous founders: Aaluxx (Founder) + Itzamna (Co-Founder)],,https://www.mayaprotocol.com/
https://goblin.fi/,Goblin,"13,771,273.48",,,[ANONYMOUS - CEO known as "Mia"],,https://airdrops.com/reviews/goblin-finance-airdrop
https://biswap.org/,Biswap,"13,752,518.49",,,[ANONYMOUS - CEO "EK" with 27 pseudonymous team members],,https://bsc.news/post/becoming-a-benchmark-for-dex-platforms
https://fxdao.io,FxDAO,"13,493,175.85",,,[ANONYMOUS - Team not publicly disclosed],,https://fxdao.io/
https://djed.one,Djed Stablecoin,"13,436,026.21",Shahaf,Bar-Geffen,CEO of COTI (Djed issuer),https://il.linkedin.com/in/shahafbg,https://www.crunchbase.com/person/shahaf-bar-geffen
https://www.splashing.xyz/,Splashing Stake,"13,055,290.78",,,[ANONYMOUS - Sei Network liquid staking protocol],,https://www.rootdata.com/Projects/detail/Splashing?k=MjAwNjY%3D
https://www.hegic.co/?ref=0x798ff1e6d7afd28c333ee6ebe03125d30ec6ef10,Hegic,"12,911,502.37",,,[ANONYMOUS - Founded by pseudonymous developer "Molly Wintermute"],,https://www.crunchbase.com/person/molly-wintermute
https://danogo.io,Danogo,"12,631,554.31",,,[ANONYMOUS - Team not publicly disclosed],,https://www.cardanocube.com/projects/danogo
https://app.odyssey.finance/en,Odyssey Finance,"12,609,067.00",Zane,Huffman,CEO,https://www.linkedin.com/in/zanehuffman/,https://odyssey.finance/blogs/a-new-chapter-for-odyssey
https://stable.kittypunch.xyz/,KittyPunch StableKitty,"11,860,199.00",,,[ANONYMOUS - Team not publicly disclosed],,https://kittypunch.gitbook.io/kittypunch-docs
https://iotube.org,ioTube,"11,825,219.16",Raullen,Chai,Co-Founder & CEO IoTeX,https://www.linkedin.com/in/raullenchai/,https://crypto.news/exclusive-interview-raullen-chai-founder-ceo-iotex/
https://iotube.org,ioTube,"11,825,219.16",Qevan,Guo,Co-Founder IoTeX,https://www.linkedin.com/in/qevan/,https://www.crunchbase.com/person/qevan-guo
https://hydrex.fi,Hydrex Integral,"11,779,366.77",Garrett,Lee,Co-Founder,https://www.linkedin.com/in/garrett-lee-60251210a/,https://larrettgee.medium.com/how-hydrex-acquires-base-marketshare-7ec9062df388
https://deepbook.tech,DeepBook,"11,776,680.97",Evan,Cheng,CEO Mysten Labs,https://www.linkedin.com/in/chengevan/,https://learn.backpack.exchange/articles/who-founded-sui-blockchain
https://deepbook.tech,DeepBook,"11,776,680.97",Sam,Blackshear,CTO Mysten Labs,https://www.linkedin.com/in/sam-blackshear-599b3965,https://blog.sui.io/move-origins-sam-blackshear/
https://mux.network/,MUX Perps,"11,433,259.08",,,[ANONYMOUS - Dev team prefers to remain anonymous],,https://www.blocmates.com/protocol-focus/what-is-mux-protocol-a-complete-guide
https://www.templarfi.org/,Templar Protocol,"11,420,107.65",Royal,Fool,Co-Founder & CEO (pseudonymous),https://www.linkedin.com/in/royal-fool/,https://bitcoinmagazine.com/news/templar-launches-native-bitcoin-lending-without-intermediaries
https://www.byreal.io/,Byreal,"11,116,282.61",Emily,Bao,Co-Founder,https://www.linkedin.com/in/emily-bao/,https://www.prnewswire.com/news-releases/emily-bao-unveils-2026-strategic-roadmap-at-solana-accelerate-apac-247-perpetual-trading-is-coming-to-the-dex-302687578.html
https://shmonad.xyz/,ShMonad,"10,750,969.97",,,[ANONYMOUS - Developed by FastLane Labs team],,https://docs.shmonad.xyz/
https://www.acryptos.com/,ACryptoS,"10,566,312.61",,,[ANONYMOUS - Pseudonymous team: lead dev "X" + "BKT" marketing],,https://medium.com/acryptos/transcript-ama-with-binance-smart-chain-fd3f6dd0491b
https://aftermath.finance,Aftermath afSUI,"10,456,555.96",Kevin,Nelson,Co-Founder & CTO,https://www.linkedin.com/in/kevinrnelson-/,https://medium.com/@interestprotocol/defi-at-its-best-e3fef9426f0b
https://toros.finance,Toros,"10,393,983.25",Henrik,Andersson,Co-Founder dHEDGE (Toros incubator),https://au.linkedin.com/in/henrikandersson,https://blog.dhedge.org/dhedge-toros-finance-2022-recap-and-beyond/
https://toros.finance,Toros,"10,393,983.25",Radek,Ostrowski,Co-Founder dHEDGE (Toros incubator),https://www.linkedin.com/in/radekostrowski/,https://blog.dhedge.org/dhedge-toros-finance-2022-recap-and-beyond/
https://helixapp.com,Helix Perp,"10,374,038.21",Eric,Chen,Co-Founder & CEO Injective Labs,[NOT FOUND],https://blog.injective.com/en/helix-live-on-injective/
https://helixapp.com,Helix Perp,"10,374,038.21",Albert,Chon,Co-Founder & CTO Injective Labs,https://www.linkedin.com/in/albertchon/,https://blog.injective.com/en/helix-live-on-injective/
https://deri.io/#/trade/options,Deri V4,"10,359,434.59",,,[PSEUDONYMOUS - Co-Founders "0xAlpha" (CEO) and "Richard" (CTO)],,https://www.crunchbase.com/person/0x-alpha
https://www.elfi.xyz,ELFi Protocol,"10,329,804.49",Einar,Cheung,Co-Founder & CTO (ex-KuCoin CTO),https://www.linkedin.com/in/einar-zhang/,https://www.linkedin.com/in/einar-zhang/
https://shardingdao.io,ShardingDAO,"10,158,632.62",,,[ANONYMOUS - Founders not publicly disclosed],,https://shardingdao.medium.com/
https://strongholdsol.com/,Stronghold Staked SOL,"10,096,794.62",,,[ANONYMOUS - Team operates under Twitter handles: @eej_tech @SolusRGB @akh1l_sol],,https://x.com/StrongholdSOL
https://basin.exchange,Basin Exchange,"9,890,801.91",Benjamin,Weintraub,Co-Founder (Beanstalk),[NOT FOUND],https://community.bean.money/recordings/s1e1-the-founders-of-beanstalk
https://basin.exchange,Basin Exchange,"9,890,801.91",Brendan,Sanderson,Co-Founder (Beanstalk),[NOT FOUND],https://community.bean.money/recordings/s1e1-the-founders-of-beanstalk
https://wildcat.finance,Wildcat Protocol,"9,827,195.61",Laurence,Day,Co-Founder & CEO,https://uk.linkedin.com/in/laurenceday,https://www.theblock.co/post/339378/wildcat-decentralized-credit-platform-laurence-day-launches-version-ethereum
https://wildcat.finance,Wildcat Protocol,"9,827,195.61",Dillon,Kellar,Head of Engineering,https://www.linkedin.com/in/dillonkellar/,https://www.theblock.co/post/339378/wildcat-decentralized-credit-platform-laurence-day-launches-version-ethereum
https://mole.fi,Mole,"9,814,055.01",,,[ANONYMOUS - Founder known as "Eric" only],,https://web3.bitget.com/en/dapp/mole-28856
https://waterneuron.fi/,WaterNeuron,"9,693,757.05",,,[ANONYMOUS - DAO-governed ICP liquid staking],,https://waterneuron.fi/
https://www.meridian.money,Meridian AMM,"9,691,265.84",Abdelaziz,Moussaoui,Founder & Lead Developer,[NOT FOUND],https://www.themeridian.finance/
https://app.lendle.xyz/markets,Lendle Pooled Markets,"9,398,895.60",,,[ANONYMOUS - Mantle ecosystem builders],,https://lendle.xyz/
https://aborean.finance,Aborean AMM,"9,263,038.91",,,[ANONYMOUS - Team not publicly disclosed],,https://aborean.finance/
https://www.gobob.xyz,BOB Bridge,"8,724,187.60",Alexei,Zamyatin,Co-Founder & CEO,https://www.linkedin.com/in/alexei-zamyatin/,https://docs.gobob.xyz/
https://www.gobob.xyz,BOB Bridge,"8,724,187.60",Dominik,Harz,Co-Founder,https://www.linkedin.com/in/dominik-harz/,https://blog.gobob.xyz/team-members/dominik-harz
https://www.inceptionlrt.com/,InceptionLRT (Isolated Restaking),"8,488,726.81",João,Simões,CEO,https://www.linkedin.com/in/joao-nuno-simoes/,https://www.inceptionlrt.com/
https://www.inceptionlrt.com/,InceptionLRT (Isolated Restaking),"8,488,726.81",Pedro,Verdades,Co-Founder,https://pt.linkedin.com/in/pedro-verdades-b1500b125,https://www.inceptionlrt.com/
https://woodswap.org,WoodSwap,"8,390,360.66",,,[ANONYMOUS - Built by iZUMi Finance team],,https://izumi-finance.medium.com/izumi-launches-woodswap-to-extend-dex-as-a-service-to-rootstock-0502f990f959
https://varlamore.capital/,Varlamore Capital,"8,379,658.11",,,[ANONYMOUS - Builders from Silo team],,https://varlamore.capital/
https://cvault.finance/,cVault Finance,"8,291,091.83",,,[ANONYMOUS - Pseudonymous devs 0xRevert and X 3],,https://coinmarketcap.com/currencies/cvault-finance/
https://nonkyc.io,NonKYC,"8,095,715.68",,,[ANONYMOUS - Privacy-focused exchange with undisclosed team],,https://nonkyc.io/
https://app.ramses.exchange/dashboard,Ramses CL,"8,044,016.59",,,[PSEUDONYMOUS - Co-Founders known as "DOG" and "North"],,https://iq.wiki/wiki/ramses
https://synatra.xyz,Synatra,"8,040,128.99",,,[ANONYMOUS - Team not publicly disclosed],,https://synatra.xyz/
https://layerbank.finance,LayerBank,"8,005,070.82",Ray,Park,CEO,[NOT FOUND],https://layerbank.finance/
https://aptin.io,Aptin Finance,"7,957,553.54",,,[ANONYMOUS - Team not publicly disclosed],,https://aptin.io/
https://kinza.finance,Kinza Finance,"7,868,501.49",,,[PSEUDONYMOUS - CEO "Farseek" and CTO "Swordholder"],,https://kinza.finance/
https://www.hotcoin.com/,Hotcoin,"7,813,341.57",,,[ANONYMOUS - Founder/CEO not publicly disclosed],,https://coinmarketcap.com/exchanges/hotcoin-global/
https://ramses.xyz,Ramses HL,"7,795,179.99",Jeff,Yan,Founder,https://www.linkedin.com/in/jeffrey-yan-a8862871/,https://fortune.com/2026/01/12/hyperliquid-jeff-yan-defi-perpetuals-perps-exchange-defi/
https://vires.finance,Vires Finance,"7,761,296.61",Sasha,Ivanov,Founder (Waves),https://ae.linkedin.com/in/sasha-ivanov,https://cointelegraph.com/news/waves-community-back-defi-revival-plan-for-vires-finance
https://stakingverse.io,Stakingverse,"7,236,245.90",Jordy,Vervaet,Co-Founder,[NOT FOUND],https://medium.com/lukso/how-stakingverse-powers-secure-and-accessible-staking-on-lukso-7f8a7da8e87f
https://www.earn.powercity.io/,POWERCITY Earn Protocol,"7,221,229.61",,,[ANONYMOUS - Decentralized PulseChain protocol],,https://docs.powercity.io/earn-protocol/
https://www.hiveswap.io/,HiveSwap,"7,198,653.55",,,[ANONYMOUS - Bitcoin DEX on MAP Protocol],,https://www.hiveswap.io/
https://hakka.finance/,Hakka Finance,"7,140,156.54",Ping,Chen,Founder,[NOT FOUND],https://artistic709.medium.com/hakka-finance-and-i-bd28977295d9
https://hakka.finance/,Hakka Finance,"7,140,156.54",Lucien,Lee,CEO,https://www.linkedin.com/in/lucienlee/,https://www.linkedin.com/in/lucienlee/
https://uranium.io/en,Uranium.io,"7,013,859.51",Alex,Dolesky,Founder,[NOT FOUND],https://www.rootdata.com/member/Alex%20Dolesky?k=MjI1NDc%3D
https://pooltogether.com/,PoolTogether V5,"6,541,701.78",Leighton,Cusack,Co-Founder & CEO,https://www.linkedin.com/in/lay2000lbs/,https://pooltogethercommunity.substack.com/p/how-and-why-we-started-pooltogether
https://pooltogether.com/,PoolTogether V5,"6,541,701.78",Brendan,Asselstine,Co-Founder & CTO,https://ca.linkedin.com/in/brendanasselstine,https://ca.linkedin.com/in/brendanasselstine
https://beta.dooar.com/swap,DOOAR,"6,240,263.27",Yawn,Rong,Co-Founder (StepN/Find Satoshi Lab),https://www.linkedin.com/in/yawn-rong-4b4b1861/,https://medium.com/morningstar-ventures/founder-stories-yawn-rong-stepn-4e8833acb99b
https://beta.dooar.com/swap,DOOAR,"6,240,263.27",Jerry,Huang,Co-Founder (StepN/Find Satoshi Lab),https://au.linkedin.com/in/jerry2046,https://au.linkedin.com/in/jerry2046
https://francium.io,Francium,"6,144,136.00",,,[ANONYMOUS - Co-Founders "Mike Z." and "Tony L." (partial names only)],,https://www.solana.news/post/defi-direct-hosts-trio-from-francium-for-livestream
https://www.wingriders.com,WingRiders,"6,036,418.06",Jaromir,Tesar,Team Member & Cardano Ambassador,[NOT FOUND],https://cardanians-io.medium.com/interview-with-the-wingriders-team-6d0600541f1f
https://www.wingriders.com,WingRiders,"6,036,418.06",Lukas,Barta,Team Member & Cardano Ambassador,[NOT FOUND],https://cardanians-io.medium.com/interview-with-the-wingriders-team-6d0600541f1f
https://app.fanx.xyz,FanX Protocol,"6,028,966.92",,,[ANONYMOUS - Team not publicly disclosed],,https://fanx.gitbook.io/fanx-docs
https://h2.finance,H2 Finance,"5,954,775.46",,,[ANONYMOUS - Team not publicly disclosed],,https://docs.h2.finance/
https://stablehodl.com/,StableHodl,"5,946,216.17",Andy,Ting,Co-Founder (HeLa Labs),https://sg.linkedin.com/in/spting2318,https://helalabs.com/about/
https://stablehodl.com/,StableHodl,"5,946,216.17",Kerching,Choo,Co-Founder (HeLa Labs),https://www.linkedin.com/in/kerching-choo-68a60a54/,https://helalabs.com/about/
https://unitus.finance/,Unitus,"5,944,576.12",Mindao,Yang,Founder & CEO (dForce),https://www.linkedin.com/in/mindaoyang/,https://forum.dforce.network/t/dip058-the-rebranding-of-dforce-lending-to-unitus-finance/1425
https://hermetica.fi,Hermetica USDh,"5,899,740.34",Jakob,Schillinger,CEO & Founder,[NOT FOUND],https://www.theblock.co/post/321141/bitcoin-backed-stablecoin-developer-hermetica-raises-1-7-million-in-seed-funding
https://www.unichain.org,Unichain Bridge,"5,886,818.76",Hayden,Adams,Founder (Uniswap Labs),https://www.linkedin.com/in/haydenadams,https://blog.uniswap.org/introducing-unichain
https://kasu.finance/,Kasu,"5,884,315.71",Luke,Lombe,Co-Founder,https://www.linkedin.com/in/lukelombe/,https://www.globenewswire.com/news-release/2025/02/21/3030298/0/en/Kasu-launches-the-highest-risk-adjusted-yields-in-RWA-private-credit.html
https://kasu.finance/,Kasu,"5,884,315.71",Leon,Ploubidis,COO,https://www.linkedin.com/in/leonploubidis/,https://www.globenewswire.com/news-release/2025/02/21/3030298/0/en/Kasu-launches-the-highest-risk-adjusted-yields-in-RWA-private-credit.html
https://equilibrefinance.com/swap,Equilibre,"5,866,618.55",,,[ANONYMOUS - ve(3,3) AMM team not disclosed],,https://medium.com/@equilibrelabs/introducing-equilibre-finance-d6e6cbd5bf3d
https://honeypop.app,Honeypop DEX,"5,764,234.67",,,[ANONYMOUS - Team not publicly disclosed],,https://honeypop.app/
https://intentx.io,IntentX,"5,677,859.51",,,[PSEUDONYMOUS - Founders known as "levy" and "Roux"],,https://www.rootdata.com/Projects/detail/IntentX?k=OTk5MQ%3D%3D
https://keep3r.network,Keep3r Network,"5,532,525.22",Andre,Cronje,Creator,https://www.linkedin.com/in/andre-cronje/,https://andrecronje.medium.com/keep3r-network-v1-beta-20ab98c9e91a
https://app.mai.finance,QiDao,"5,525,697.81",,,[ANONYMOUS - Team members "Ben" and "Pablo" (pseudonyms)],,https://polygonalpha.substack.com/p/polygon-alpha-podcast-ben-and-pablo
https://piku.co/,Piku,"5,449,346.27",,,[ANONYMOUS - PikuDAO governed],,https://docs.piku.co/piku
https://parrot.fi,Parrot Protocol,"5,415,575.37",,,[ANONYMOUS - Founders not publicly disclosed],,https://gopartyparrot.medium.com/
https://eni.orbiter.finance/,ENIBridge,"5,395,282.86",,,[ANONYMOUS - Orbiter Finance team not disclosed],,https://pitchbook.com/profiles/company/515131-12
https://rosswap.com/#/swap,RosSwap,"5,386,886.03",,,[NOT FOUND - No team info available],,https://docs.rosswap.com
https://www.everdex.app/,Everdex,"5,345,285.82",,,[NOT FOUND - No team info available],,https://www.rootdata.com/Projects/detail/Everdex
https://llama.airforce,Llama Airforce,"5,342,222.21",,,[ANONYMOUS - Lead dev known as "Alunara"],,https://curve.substack.com/p/july-29-2022-what-makes-alunara-tick
https://four.meme?code=DZ9DF74J64FA,four.meme,"5,299,322.57",Ed,,Co-Founder,[NOT FOUND],https://www.accessnewswire.com/newsroom/en/blockchain-and-cryptocurrency/four.meme-a-fair-launch-platform-for-memes-on-bnb-chain-launches-today-885128
https://dgswap.io,DragonSwap Kaia,"5,242,829.60",,,[ANONYMOUS - Team not publicly disclosed],,https://docs.dgswap.io/mission/team
https://steamm.fi,STEAMM,"5,190,762.42",Rooter,,Founder (pseudonymous - also Suilend founder),https://www.linkedin.com/in/0xrooter/,https://suipiens.com/blog/inside-suilend-suis-leading-lending-platform/
https://biquid.io,Biquid,"5,112,534.90",Dohyun,Pak,CEO & Co-Founder (Bifrost),https://www.linkedin.com/in/dohyun-pak-682781a/,https://medium.com/bifrost/everything-you-need-to-know-about-bifrost-8f8943107ace
https://biquid.io,Biquid,"5,112,534.90",Jonghyup,Lee,CTO & Co-Founder (Bifrost),[NOT FOUND],https://medium.com/bifrost/everything-you-need-to-know-about-bifrost-8f8943107ace
https://www.sundaeswap.finance,SundaeSwap,"5,097,439.45",Mateen,Motavaf,Co-Founder & CEO,[NOT FOUND],https://billionsuccess.com/mateen-motavaf/
https://www.sundaeswap.finance,SundaeSwap,"5,097,439.45",Artem,Wright,Co-Founder & COO,https://www.linkedin.com/in/artemwright/,https://www.crunchbase.com/person/artem-wright
https://gmx.io/,GMX Perps,"5,063,591.47",,,[ANONYMOUS - Lead dev pseudonym @xdev_10],,https://www.coinhouse.com/gmx
https://alienbase.xyz,Alien Base,"5,028,728.83",,,[ANONYMOUS - 8-member team maintaining anonymity],,https://medium.com/@zketh.50/exploring-alien-base-a-deep-dive-into-a-new-dex-on-the-base-network-f0fe1acdbad
https://swap.reservoir.tools/#/swap,Reservoir Tools AMM,"4,903,108.84",Peter,Watts,Founder & CEO,https://au.linkedin.com/in/peter-watts-45361336b,https://www.theblock.co/post/338994/token-trading-reservoir-funding
https://anyhedge.com/,AnyHedge,"4,863,333.48",John,Nieri,Co-Founder & President (General Protocols),https://www.linkedin.com/in/kobejohn/,https://medium.com/@GeneralProtocols/bch-defi-startup-general-protocols-raises-over-1-mil-70cdeaf0a705
https://anyhedge.com/,AnyHedge,"4,863,333.48",Jonathan,Silverblood,Co-Founder & Lead Developer,[NOT FOUND],https://medium.com/@GeneralProtocols/bch-defi-startup-general-protocols-raises-over-1-mil-70cdeaf0a705
https://dfs.land,DFS Network,"4,831,787.78",,,[ANONYMOUS - Decentralized/community-owned EOS DeFi],,https://defis.network/
https://www.bakeryswap.org,BakerySwap,"4,796,414.06",,,[ANONYMOUS - Anonymous founders],,https://kriptomat.io/cryptocurrency-prices/bakeryswap-bake-price/what-is/
https://klayswap.com/dashboard,KlaySwap,"4,764,313.25",Jinhan,Choi,CEO Ozys (developer),[NOT FOUND],https://www.linkedin.com/company/ozys
https://www.bumpin.trade/,Bumpin Trade,"4,732,784.05",,,[ANONYMOUS - Team not publicly disclosed],,https://x.com/BumpinTrade
https://surflending.org/,Surf Lending,"4,717,608.44",Phil,,Founder (last name undisclosed),[NOT FOUND],https://learncardano.io/podcasts/defi-borrowing/
https://app.icpswap.com/,ICPSwap,"4,654,303.00",,,[ANONYMOUS - DAO governed via SNS on Internet Computer],,https://www.icpswap.com/
https://app.sakefinance.com/,SakeFinance,"4,589,094.88",,,[ANONYMOUS - Team not publicly disclosed],,https://sakefinance.net/
https://must.finance/,Mustang Finance,"4,464,191.11",,,[ANONYMOUS - Team not publicly disclosed],,https://www.must.finance
https://moar.market,Moar Market,"4,440,584.50",,,[ANONYMOUS - Incubated by Thala Labs & Aptos Foundation],,https://rootdata.com/Projects/detail/Moar%20Market
https://swapscanner.io/staking,Swapscanner LSD,"4,331,813.45",,,[ANONYMOUS - Team not publicly disclosed],,https://docs.swapscanner.io/
https://dex.9mm.pro/,9mm,"4,197,777.64",,,[ANONYMOUS - Community-driven PulseChain DEX],,https://github.com/9mmPro
https://venombridge.com,VenomBridge,"4,196,099.15",Peter,Knez,Chairman Venom Foundation (ex-CIO BlackRock),https://www.linkedin.com/in/pknez/,https://www.nasdaq.com/articles/from-pioneering-etfs-to-bringing-tradfi-to-web3-a-conversation-with-venoms-peter-knez
https://venombridge.com,VenomBridge,"4,196,099.15",Christopher,Tsu,CEO Venom Foundation,https://www.linkedin.com/in/christophertsu/,https://iq.wiki/wiki/christopher-louis-tsu
https://www.citycoins.co,CityCoins,"4,136,845.67",Patrick,Stanley,Founder,https://www.linkedin.com/in/patrick-stanley/,https://www.hiro.so/blog/stacker-chats-transcript-with-citycoins
https://alpha.trex.trade,Tea-REX,"4,016,717.49",,,[ANONYMOUS - Team not publicly disclosed],,https://www.rootdata.com/Projects/detail/Tea-REX
https://www.hskhodlium.xyz/,hskhodlium,"3,938,194.06",Kay,Lu,CEO HSK Eco Labs,[NOT FOUND],https://www.chaincatcher.com/en/article/2173379
https://thetanuts.finance,Thetanuts Finance,"3,925,454.79",,,[ANONYMOUS - Team of hedge fund managers and analysts],,https://thetanuts.finance/vaults
https://www.nftstrategy.fun/,TokenWorks,"3,856,521.46",Adam,Lizek,Founder (Rhynotic),[NOT FOUND],https://www.themontyreport.com/p/rhynotic
https://maxshot.ai/,MaxShot,"3,849,714.44",,,[ANONYMOUS - Autonomous AI protocol],,https://www.comp.xyz/
https://puzzleswap.org/,Puzzle Swap,"3,820,839.73",Vladimir,Zhuravlev,Founder,https://www.linkedin.com/in/vlzhr/,https://medium.com/@izhur27/what-is-puzzle-swap-1e4b4af4ed17
https://www.whaleex.com/,WhaleEx,"3,762,529.08",Charlie,Zhang,Founder & CEO,[NOT FOUND],https://www.crunchbase.com/organization/whale-exchange
https://www.ethstrat.xyz/,ETH Strategy,"3,752,337.90",,,[ANONYMOUS - Founders not disclosed],,https://www.theblock.co/post/364560/ethereum-treasury-protocol-eth-strategy-secures-46-million-in-prelaunch-raise
https://mstable.org/,mStable,"3,727,441.24",James,Simpson,Co-Founder & CEO,https://www.linkedin.com/in/jronsim/,https://defiprime.com/mstable
https://mstable.org/,mStable,"3,727,441.24",Henrik,Andersson,Co-Founder & CIO,https://au.linkedin.com/in/henrikandersson,https://www.cypherhunter.com/en/p/mstable/
https://smilee.finance/,Smilee Finance gBERA,"3,714,375.97",Mattia,D'Alessandra,Founder,https://it.linkedin.com/in/mattia-d-alessandra,https://www.crunchbase.com/person/mattia-d-alessandra
https://smilee.finance/,Smilee Finance gBERA,"3,714,375.97",Marco,De Zio,Co-Founder,https://www.linkedin.com/in/dezzeus/,https://outlierventures.io/portfolio/smilee/
https://nept.finance/,Neptune Finance,"3,659,362.35",,,[ANONYMOUS - Team not publicly disclosed],,https://nept.finance/
https://yusd.bitzap.ai/#/bitlayer/markets/btc/create,BitZap yUSD,"3,611,746.39",Kevin,He,Founder (Bitlayer),https://www.linkedin.com/in/0xkevinhe/,https://www.cbinsights.com/company/bitlayer/people
https://app.nerite.org/,Nerite,"3,604,418.36",Joseph,Schiarizzi,Founder (CupOJoseph),[NOT FOUND],https://cupojoseph.medium.com/
https://delea.finance,Delea,"3,572,603.68",,,[ANONYMOUS - Team not publicly disclosed],,https://delea-finance.gitbook.io/home
https://www.shadow.so,Shadow Exchange CLMM,"3,545,399.72",,,[ANONYMOUS - Incorporated in Panama],,https://monaquatorium.org/
https://mimo.exchange,Mimo,"3,509,676.13",Johannes,Berger,Co-Founder & CEO,https://www.linkedin.com/in/johannesberger/,https://www.crunchbase.com/person/johannes-berger
https://mimo.exchange,Mimo,"3,509,676.13",Henry,Ameseder,Co-Founder & COO,https://www.linkedin.com/in/ameseder/,https://www.crunchbase.com/person/henry-ameseder
https://reflexer.finance/,Reflexer,"3,492,344.15",Ameen,Soleimani,Co-Founder,https://www.linkedin.com/in/ameen-soleimani-97181942/,https://www.crunchbase.com/person/ameen-soleimani
https://reflexer.finance/,Reflexer,"3,492,344.15",Stefan,Ionescu,Co-Founder & CEO,https://www.linkedin.com/in/stefan-ionescu-703303183/,https://www.crunchbase.com/person/stefan-ionescu-6a8f
https://blazeswap.xyz/,BlazeSwap,"3,488,645.72",Alex,Dupre,Founder,[NOT FOUND],https://flare.network/news/blazeswap
https://flat.money,Flat Money,"3,467,403.15",Ermin,Nurovic,Co-Founder,https://www.linkedin.com/in/ermin-nurovic-8a580b125/,
https://aurora.plus/,Aurora Plus,"3,465,543.50",Claudio,Cossio,Co-Founder Meta Pool,https://www.linkedin.com/in/claudio-cossio-8b3497367/,https://blog.metapool.app/
https://aurora.plus/,Aurora Plus,"3,465,543.50",Lucio,Tato,Co-Founder Meta Pool,https://www.linkedin.com/in/lucio-tato/,https://blog.metapool.app/
https://angles.fi/stake,Angles Stake,"3,460,672.65",,,[ANONYMOUS - Community-owned protocol],,
https://nftx.org,NFTX,"3,450,752.31",Alex,Gausman,Founder & CEO,[NOT FOUND],https://www.crunchbase.com/person/alex-gausman
https://zero.network/,Zero Network,"3,373,952.39",Evgeny,Yurtaev,Co-Founder & CEO Zerion,https://www.linkedin.com/in/yurtaev/,https://www.crunchbase.com/person/evgeny-yurtaev
https://zero.network/,Zero Network,"3,373,952.39",Alexey,Bashlykov,Co-Founder & CTO Zerion,https://pt.linkedin.com/in/abashlykov,https://www.crunchbase.com/person/alexey-bashlykov
https://dapp.phiat.io/#/markets,Phiat Protocol,"3,370,864.54",,,[ANONYMOUS - Community-owned PulseChain fork],,https://ph-defi.gitbook.io/phiat-protocol
https://www.mugenfinance.com,MugenFinance,"3,354,846.66",,,[ANONYMOUS - Team not publicly disclosed],,https://www.mugenfinance.com/
https://stsui.com,AlphaFi stSUI,"3,353,547.56",,,[ANONYMOUS - Team not publicly disclosed],,https://blog.alphafi.xyz/
https://app.swappi.io,Swappi,"3,318,293.20",,,[ANONYMOUS - Conflux Foundation incubated],,https://cointelegraph.com/press-releases/swappi-launches-as-first-dex-on-conflux-espace-with-25m-tvl
https://icon.community,sICX,"3,285,726.80",Scott,Smiley,Co-Founder Balanced Protocol,https://www.linkedin.com/in/smileyscott,https://balanceddefi.medium.com/
https://sanko.xyz/bridge,Sanko Bridge,"3,274,847.15",Smoovie,Williams,Founder & CEO,[NOT FOUND],https://sankogamecorp.net/
https://staking.masternode.stratisevm.com/stake/?tab=stake,Stratis mSTRAX,"3,180,869.63",Chris,Trew,Founder & CEO,https://www.linkedin.com/in/christrew/,https://www.crunchbase.com/person/chris-trew-2
https://www.vanswap.org/#/home,VanSwap,"3,156,449.86",,,[ANONYMOUS - Team of 15 members],,https://bitcoinist.com/vanswap-the-largest-liquidity-platform-on-the-vision-chain/
https://www.benddao.xyz/en/apecoin-staking/explore/pairing-listings/,BendDAO APE Staking,"3,151,197.56",,,[PSEUDONYMOUS - Co-Founder "CodeInCoffee"],,https://decrypt.co/107958/ethereum-nft-lending-benddao-liquidity-crisis
https://klaystation.io,KLAYstation,"3,118,577.93",,,[ANONYMOUS - Developed by OZYS],,https://medium.com/klaytn/strengthening-our-long-standing-partnership-with-ozys-7b3295c87dfb
