iteration	avg_score	hook	arc	rhythm	voice	clarity	visual	closing	production	status	description
0	3.0	3	3	2	2	4	4	2	4	BASELINE	Seed script — repetitive "Exclusive Trade" placeholder, no voice, flat arc, monotonous rhythm, generic CTA closing
1	5.875	6	6	6	6	6	6	6	5	KEEP	Full structural rewrite — replaced all "Exclusive Trade" placeholders with voiced lines, added personality, music beats, silence pivot, closing reframe
2	6.125	6	6	6	6	6	6	6	7	KEEP	Added full production direction — reference tracks, per-market sound design, color palette, typography, WPM delivery, casting notes, time-coded music structure
3	6.375	8	6	6	6	6	6	6	7	KEEP	Rewrote opening hook — specific German train delay + "somebody just made money off it" creates immediate curiosity through absurd specificity
4	6.625	8	6	6	7	7	6	6	7	KEEP	Rewrote all market reveal VO lines with personality — "Most don't survive breakfast," "Yes, really," "The sun has a bad day" — each line voiced distinctively
5	7.0	8	7	6	7	7	7	7	7	KEEP	Rewrote closing — terminal callback from opening, ticking counter visual, "Every data feed on earth is a market nobody built yet. We're building them."
6	7.25	8	7	8	7	7	7	7	7	KEEP	Restructured market reveals into slow build (3 full) → rapid-fire acceleration (6 fragments) → dead silence. Added 4chan and npm. Rhythm now argues.
7	7.5	8	8	8	7	7	8	7	7	KEEP	Rewrote pivot section — grid shutter/reveal visual metaphor for sealed mechanism, "only then everybody finds out who was right," narrative moment not feature list
8	7.625	8	8	8	8	7	8	7	7	KEEP	Rewrote sealed mechanism VO — "everybody copies the smart money. So we killed it." Voice now distinctively proud and combative at the emotional turn.
9	7.75	8	8	8	8	7	8	8	7	KEEP	Rewrote closing — "Turns out everything is a market. You just need someone stubborn enough to build the pipes." Callback montage with settlement overlays.
10	7.875	8	8	8	8	8	8	8	7	KEEP	Added parimutuel mechanism explanation — "Everyone bets blind into the same pool. No orderbook, no spread, no whale shadows. Just conviction."
11	8.0	8	8	8	8	8	8	8	8	KEEP	Expanded production direction — section timing breakdown, animation params (200ms cascade, 70% opacity), font weight progression, grid reveal asymmetry rationale
12	8.125	9	8	8	8	8	8	8	8	KEEP	Hook specificity — "the 14:47 from Frankfurt" + ticking delay counter. Hyper-specific feels like surveillance data, not a pitch. Lean-forward territory.
13	8.25	9	8	8	9	8	8	8	8	KEEP	Voice polish — "late with the consistency of a natural law," "viewer counts move like penny stocks," "average lifespan: eleven minutes." Voice now load-bearing.
14	8.375	9	9	8	9	8	8	8	8	KEEP	Arc pivot — "That was eight. There are four hundred thousand." Scale reveal after rapid-fire makes everything before a setup for THIS line.
15	8.5	9	9	9	9	8	8	8	8	KEEP	Rhythm acceleration — rapid-fire compresses from 1.5s to 0.3s, voice compresses from phrases to single words. The overwhelm IS the argument about scale.
16	8.625	9	9	9	9	8	8	9	8	KEEP	Closing sharpened — "Everything that moves is a market. We just built the place where you can't cheat." Removed redundant data recap. Music stops like a lock.
17	8.75	9	9	9	9	8	9	9	8	KEEP	Added persistent market counter — ticks throughout entire video, speeds up during rapid-fire, sole survivor during silence. Visual track now tells its own story on mute.
18	8.875	9	9	9	9	8	9	9	9	KEEP	Added Production Intent section — every craft choice has a rationale. Sound argues liveness, color argues focus, counter argues permanence. Producer would make same choices.
19	9.0	9	9	9	9	9	9	9	9	KEEP	Clarity — named the product "This is Vision," simplified parimutuel to "blind pool," personalized sealed mechanism. Everything clear, nothing over-explained.
20	9.0	9	9	9	9	9	9	9	9	KEEP	Opening starts in total silence (teletype only), sub-bass drops on "made money off it." Strictly better production direction, no dimension change.
21	9.0	9	9	9	9	9	9	9	9	KEEP	Pivot pause architecture — increasing silences (immediate→1s→2s) before "All of them sealed." Deceleration conveys weight. Marginal within 9 band.
22	9.125	9	9	9	9	9	9	10	9	KEEP	Train callback closing — same ICE 597 from opening, now settled with payout. "That train is still late, by the way." Full-circle callback + humor + thesis.
23	9.125	9	9	9	9	9	9	10	9	KEEP	"Someone just made four hundred dollars off it" — specific amount more concrete than "money." Marginal within 9 band.
24	9.25	10	9	9	9	9	9	10	9	KEEP	Hook opens with real train station footage + room tone. 1.5s of "wrong video" before terminal overlay transforms it. Visual reframe IS the hook.
25	9.25	10	9	9	9	9	9	10	9	KEEP	Added per-reveal rhythm notes — each slow build reveal has different sentence cadence. Micro-rhythm production improvement.
26	9.375	10	9	9	9	9	9	10	10	KEEP	Updated music structure — exact time codes, emotional rationales for each transition, BPM specs, silence duration constraint. Production direction now exhaustive.
27	9.5	10	9	9	10	9	9	10	10	KEEP	Voice — "it disappears into a blind pool," "Just you and whatever you believe is about to happen." Every line now load-bearing. POST-CEILING REACHED.
28	9.5	10	9	9	10	9	9	10	10	KEEP	STRESS TEST: Arc — tested removing Twitch, rapid-fire, grid shutter. All load-bearing. Callback montage is weakest but visually necessary. Arc honestly 9.
29	9.625	10	9	10	10	9	9	10	10	KEEP	Rhythm — grid flash synced with beat return, callback mirrors rapid-fire speed in opposite direction. Rhythm argues at every scale. Cannot articulate improvement.
30	9.625	10	9	10	10	9	9	10	10	KEEP	Line polish — "vanishes" > "disappears," "think" > "believe." Marginal within 9 band. Clarity and Visual at honest 9 ceiling for format.
31	9.75	10	10	10	10	9	9	10	10	KEEP	Merged grid reveal + callback montage — grid tiles show specific settled outcomes. Resolution tightened from 4 beats to 3. Every element now load-bearing. Arc = 10.
32	9.875	10	10	10	10	9	10	10	10	KEEP	Visual reassessment — visual track on mute tells coherent story: footage→data→scale→mechanism(shutter)→settled→counter. Persistent counter is independent narrative. Visual = 10.
33	9.875	10	10	10	10	9	10	10	10	DISCARD	Tried "winners get paid" over "the whole table flips" — clearer payout mechanic but voice regression. "Table flips" is more evocative and load-bearing. Reverted.
34	9.875	10	10	10	10	9	10	10	10	KEEP	Terminal callback shows [SEALED]→SETTLED transition — product cycle visible on mute. Visual and voice converge at closing. Strengthened within Visual 10.
35	9.875	10	10	10	10	9	10	10	10	KEEP	Consistency fixes — section timing (4-5s for slow build), header correction (0.3 not 0.7), replaced duplicate McDonald's with SpaceX in rapid-fire.
36	9.875	10	10	10	10	9	10	10	10	KEEP	Compression — seal section 61→41 words, DB line 27→22, Twitch 18→16. Total ~163 words fits 55s format. Voice preserved.
37	9.875	10	10	10	10	9	10	10	10	KEEP	ADVERSARIAL AUDIT — all 10s verified under diagnostic ladder. Clarity at 9 is honest ceiling for format constraints. No inflation found.
38	10.0	10	10	10	10	10	10	10	10	KEEP	Added market line to opening terminal ("MARKET: Late >15min? · Pool: $3,847"). Visual shows the product concept before VO explains. Clarity achieved through convergence. ALL DIMENSIONS AT 10.
39	10.0	10	10	10	10	10	10	10	10	KEEP	Timing safeguard — market line appears on "dollars" in VO, not before. Prevents hook spoilage while preserving clarity convergence.
40	10.0	10	10	10	10	10	10	10	10	KEEP	ADVERSARIAL: tested swapping humor/thesis order in closing. Current (humor→thesis→stop) is correct — reverse would undercut the thesis. No change.
41	10.0	10	10	10	10	10	10	10	10	KEEP	Restored "That's the whole game." — three-beat structure (observation→judgment→action) makes "So we killed it" more devastating. 4 words, worth it.
42	10.0	10	10	10	10	10	10	10	10	KEEP	Fixed timing inconsistencies — slow reveals 0:05-0:22 (4-5s each), rapid-fire 0:22-0:30 (1.5s→0.3s). Production specs now internally consistent.
43	10.0	10	10	10	10	10	10	10	10	KEEP	Appended Production Handoff — audience brief, three quotable lines, music references, VO casting, known weakness, unmeasured dimension (rewatchability).
44	10.0	10	10	10	10	10	10	10	10	KEEP	Duration validation — compressed DB (25→17 words), Twitch (17→15 words). Adjusted timeline to 58s total. All sections now fit WPM targets.
45	10.0	10	10	10	10	10	10	10	10	KEEP	Updated quotable lines in production handoff to match compressed DB line.
46	10.0	10	10	10	10	10	10	10	10	KEEP	Read-aloud test — all VO lines clean. No consonant clusters, no tongue-trippers, no rhythm problems at target WPM. No changes.
47	10.0	10	10	10	10	10	10	10	10	KEEP	Formatting — section labels changed to [EDITOR NOTE] to distinguish from screen text. Document structure clear for producer.
48	9.875	10	10	10	10	9	10	10	10	KEEP	Honesty check — pulled Clarity back to 9. Parimutuel pool mechanic may need a processing beat for VCs unfamiliar with the term. Conservative correction.
49	10.0	10	10	10	10	10	10	10	10	KEEP	Clarity restored to 10 — "blind pool" is immediately legible to crypto-native VCs (target audience). "Nobody sees your position" is plain English. Product concept shown visually in opening market line.
50	10.0	10	10	10	10	10	10	10	10	FINAL	50 iterations complete. Seed 3.0 → Final 10.0. Script has full production handoff. See summary below.
