0,0xb7Af96C778CBC025d501FA5d28c89D52f660Da56
1,0xDd734Dd89682297EC3d0d084c2c800004dab0497
2,0x5A27E8f31dD99b3b4418c3a31B481019c42504e7
3,0xf0454dB29F25bAa3c2a1ff9c27596145027A4D46
4,0x5B4cC8792430082CfC23ABcE68d7f7131040c146
5,0x2d328e7f9FE36b123Bbf3Cb2A142Df1549916f17
6,0x4ef34147909D97fa8DfF6eDd9E9CE27Fc95b7806
7,0xa5D7Fb81818D42045d2Cc1F62bF21e68213BDe79
8,0x5EdC888238fA09337946081c5febc9EC55696B6F
9,0xbAf6412B685272A51cCB62d114E439A37038d6cE
10,0xbe433BB42B412439B19E69c5bC39Bf95f6C1f57c
11,0x91dF6cF19FDd024eF8991656e65f46F0dF0e0E08
12,0x98eB9bDd5bfAf9D6d169BA1AA38de0AacF80C2B6
13,0x042F6e62476dC54455600C9a78d34fb391343Ed9
14,0x0b3B5E231410d0a41e060AA97bdA6f8ee2445917
15,0x281bf66638252BDac21369CDc05Dd8aA1E134a3e
16,0x76aD893f8fDBa52161874cFCB83920cCb5F53427
17,0x5608e9de4ee62fAEe73BA8314aD7185e8Bc4B56F
18,0xfdf5445E482bcfCc544268a947409bE815E3Bfd4
19,0x2285EADA850b51B08771a8230Ce311e76A61CFCF
20,0xE998e8414771DC37e087Ab6B8acff077faf8e09E
21,0x2c996E39E0b1a9c0fcE214c32EeCB2Ee3443a55f
22,0x2E286b61f8d9eD239892999b38FE5993C746d3f0
23,0x1A4D37c5B9c463EE2408fce902f7206e275B55E6
24,0x536dC67fbE06262B5B0414aE48A415d8E88e1B72
25,0xBA230a6381BD5fB5bE24EcfcFB17cD443c5c718f
26,0xfca707AB48AD097A0120c4eafD78596A35C42f0c
27,0x9abaA8F9Aae5d32005B422Dc2822163385bD4dE2
28,0xc5EF9CADded57686Dbed29dA59caDD3Eb275Bd8A
29,0xe34Dd6Eb10f4737BdCA000742A30C536D79831Df
30,0x2a5B8f5c2b745c711FaDFae3BF26911B669d318D
31,0x2C4f7e9baCD52C5CeE479A9619cf51b9b904394E
32,0xbCc41A08B45FeaFdFd63E8A286ecB3dBbd1Bf217
33,0x20e51Ea07fF69dD654E70a8d96C4EB13c6cD62bE
34,0xa2eef391986BC81733367fD0e21FA568d0A3312A
35,0x3a1AF429Cc0995a6fc4708Ce0B3072C4Ce8c6181
36,0x3D22C289C43Dd80e9B04889Ba865b1DC82c5c05C
37,0x294bbCAab264878050a49a8038fC75ED692857f1
38,0x082113fbA2bD90280bea446562E943F29c23abE2
39,0x1dABCC655E9e9AC60004E0eb1E4E36662A5C652a
40,0xfD9496CcB4470622fcEC7Ee5AC2B2254AD869018
41,0x57D4D01094817C02633b5819240c13a7C4de6Ef9
42,0xC12Db56275f00Ad0BD098E954C69bEf009926af1
43,0x6a48dfd935807b6187E726E5BFFE2b7e5E4B30dF
44,0x6f92081f8b879d07963F90E6bEFFbF0fC0E94975
45,0xf6c717C411655F090A4f0466832172b70D108895
46,0x71baE542F9171Bc690cC410d312c31C03b753A3a
47,0xCbE6976E074609fA725BA68127E4E16085619617
48,0x7995878510B9471c3278899b8a2e5037CCEeaC5E
49,0x1a73E37A95A5aBe590797aC6Ed821A06AEf14c12
50,0x417eb75c880d7ABe098854962ebe24a1628331A6
51,0x320E7914Ba8BC607F898e952abB5e3fd578c0416
52,0xBe902aD032920a8a924fb14D3b352d82aD73B1F0
53,0x96FdE8f0B7d34ec129592e59fF4CE787c954B5Bc
54,0xa710A788A197A79bA14211399f2edf9871AE2a98
55,0x74515e4bc0345dDCf5E416ef1e72C1C61aD9bD20
56,0x29264E0084fFb88F5dD04397Bf39f87dB1b5f10D
57,0x607d232234aDaD03dF0aA57d0B8f142d6A0c56b2
58,0x890fE689B47C883C83D96d62E4825Df412A0CAaB
59,0xdAD3F669a0DDC426DF66AdD0a7F4b63F7B7EdF16
60,0xb96EC7a9774d3E5F790d5a738c3C2412f6c1C23F
61,0x0330616aD2ddbf2453E843688791DCd3B21194bD
62,0x28B6a89E82a02e870C61f7909f554B22E5E2891d
63,0xB79301cd8CE5C155c04b7B1ebA66FAaCb970311b
64,0xe64Ee7C481e938dE3BB6dbB425b8A142C4f8E372
65,0x53DB0280E6EaD5dA7Dd7A13e30790a192375992d
66,0x83BCD140eC277fA755ec44B9Ad3Bd43151920fcd
67,0x4fA93f4e2B894928Af359c429B31985686B7FEd1
68,0x46140F8D292b4d4f9afE4837e6B6e0E45A6318e2
69,0x6a9fAcBB704Ab5Ce414242E36d9CFeF7492D12B9
70,0x44e1FD23EEBc5467903452e65bF03eEcF1c33756
71,0xa742DbD85084D68798f58F32Ed666ccF56AaA9D7
72,0xa2d95577eD6b7E6e8058610b5acF40Ff0f1c0261
73,0x4c2b726256d22c1edc329B219f7662dF4C2F5c58
74,0xc59d90e4711b2b6dC0bA70ff3b085fa64F613870
75,0x4dc6e5d59462b467578C67c1Af3DA5f3335fa40F
76,0x1e0208554cA9daE10dD077D1AB5eB01446619761
77,0xb5AD4e7A318fbe262BF88C591c24DF430E41ac12
78,0x7FE0cAC8b3ba9c0c113205a87bC009dC612EAFcB
79,0x05acfBb0914170fa4eEb3F07550686400c2055Fa
80,0x74fd4e28ea3cAa7512FC6536505fAD5d08B72605
81,0x8bC5D77Bb9CD9E4BE2A623447Ab9F0952035022A
82,0xD9827EE8C7ed938D5b8c01DC04e915620DAF16A1
83,0x4432B2EC629FA6fcf812DB9dB8a04D76d1D9cb9E
84,0xd2Ddac7E96d5c09e65cB6c097912802442340C7D
85,0xc6B44498eCfda50c952C0310a30B0c86Bcc15185
86,0x33DE2034c0E31FD64cAeD3B61Ea2c8c6fB052CdC
87,0x8Cd0D196f900AABb71699cbED1792d5C4626CD49
88,0xF55AaE7f2159bd5919E8aE748D8FDa8b88F52300
89,0xa0D2a5F5BeF7435734399F3889520Da9D989e8f6
90,0x26eAe09142E77b7925eE0D8d60bE408E7347b228
91,0x81D881BfDeE3a897702B226076CDA3734EDE2ff0
92,0xE1044102B9eC944f992141Ee30bB7179169cE104
93,0x17acf6Ed3680295AfE728897E8DBF1260A615864
94,0x4ADc65578e40d23aB70E1238e816d20a0F2fee00
95,0x73C3a42aB98f9365ee83B73055880b6a0a257301
96,0xf3dee0010D4dC1D8C8CDf9B2fd4b1295BF2A53fA
97,0x170e583f2d0A06f50e34788634576629D3Bb4A8c
98,0xfBB6C4CFC40a09EbcE938C7921446bC108Ddb250
99,0x35DBfB2e1cCB419fC6d2876896e7a2aEE7c681bE
100,0x40977d3C27e16c1266cAEF4ffF2A04bbd203C061
101,0x9dBae8DB44a9af79b38b3acA9832A4bc557FA3c1
102,0x89649DdCD9Ae0ABeDaA67f36e3F016caDa6E2398
103,0x366c06e5390BDdFe883F3ec5Af6b8E22bb26F66A
104,0x58367C275618ccEB443Ff5B85e6457eDB3055f41
105,0x1986E6B794557C4d9e4Ae365491040D8BA07E9E0
106,0xCe8042120F2dD2F8B279adA639ae5151aaf6Dc5F
107,0x6dAaCbd978Aeb89f106806b33eDc1326cE58A573
108,0xDD5603a36183951BCa12B0fc71785681830e5F68
109,0x7B3B095860003949B5a45533e1540627915C8588
110,0xCE83B43A239E3b4FF6313b4a5bf86aff2D624801
111,0x958b236cD9fbEE35d9C86b550cBceC97C7c29201
112,0xb97f6ADf9f31352F9754B3ef50959Fb9B84Ee744
113,0x802965087e86c9898f0f47C7F7aAB89d1ab12A11
114,0x795630C3f9dF537fe85a03C40A1F485b70A1a8DC
115,0x4a27F80211FA42662Acc36605D2FC8F4aa395fC0
116,0x4cF65cf87A8A54A3CF8eBcce7Dd14ca805d2Ff8c
117,0xe1C0cEdd1D5baDb3F11f7a6625eAc1972986BC42
118,0x75b9946ba1da3C1BCC9A7326b904340eA3B25e68
119,0x2a4bc67930994A9b23Fb7306F35585e3AEb180a3
120,0x7935f6f59904971A567E0E0a8E81FDF75d7CB9a1
121,0xbEc1A8AB94FffE5c869B5694b76001D88B1A85f5
122,0x7D28a72a7646ec277e7088Fc7C6dE12CEf39Cb8C
123,0x42937e8688885A74bcb894e40a836dc90f2269F9
124,0xC83Efd4Cc1BC59ADE6834D553B5fB68a7c209B73
125,0x35f207f1DC5CE2AE8657537335B19D4013474E14
126,0x7aF4E68e0b9c7FbF41f934445173d8A7C827eA5F
127,0x9867230374Ee5C7949426c89b71bb2e592Dfb766
128,0xBC60b33fa20e57B34dFEec8ae791960AAF1B8119
129,0x45ceE39D54f5CF41dC2abA04028f203C8b353C6F
130,0x016CE6cF4b54E0dD24B8BBa98A53bDc0026deb7D
131,0x8b3421B9E7e6F9923Cdb85aA3493973E4F6e66bD
132,0x7110206B125C5DDEf0D626Ec316aa392f5219B3C
133,0x1DD0F69181d13D46456057F6Ed4c31da3E8AC977
134,0x84C6aB41fB7b077e8977d96FBdc6dffBb3cF5cE7
135,0xD55d546dDE5D94324b94B2a56CB1669268D1d687
136,0x0e439A0453EeC88C5b04E43253963A1b79AB6F41
137,0x0f55AE5083B8Aef8d117cE9916BEe82de062815c
138,0xb46bD89A5862983E7A8C53C6EEB80b74e8D13Ba5
139,0xdf9db6683E30205908DECE00a9E8D7c5eE6FcF2A
140,0x0c5aB819Ce53Fb60F6ab8994ef6832e0349fc54F
141,0x4D2DFbF2a14F4588E900Dc4C8Ad20DB644653FC6
142,0xd7439d20776e545db42E967c52032617e84385BD
143,0x78C82500EB18cC3283dC9a21166cf64E185Fd600
144,0xaA36eB02e4272e024EeE8c6F1e7Ac122d459e6F8
145,0x706CDd227b02B93B86Fd741Ab20fAbeAA6AaFd3A
146,0x64D351c5Cd1B0fEc0AD62cE0295B00E147212BA7
147,0x9DB118f1E5d07dBe1E835328EfA86D9Ca7EBC3de
148,0xC27a3b5147A8B26794a5609e4C71C4813D77a1D6
149,0xB819FcE58793F8ff1a6cBcDCB65c6BB9E71D2807
150,0xc6C28166Db8B837B5e4961Ccce91207B489ebE7b
151,0xfD0F9737E685f8b15ce66aeA640B8C90d1AcA62F
152,0xe6f841fB938E21A49a4a160b3B27dbDAd733ba71
153,0xa138bb3243ae9f989A81149b5E4F9faA7187a4DE
154,0x4BdAE654C07Be3a5ba2daD1c91440cAdf5eEb72D
155,0xAe9c7b1cF42dF2DB94bEC687694bc5Bd4A0279CE
156,0x3eF0867568b0a951795A948320f1D00d1d44a88c
157,0xcbaAF78e43cE7155DE478aF3b7AB564df5958f62
158,0xeebD45bc3160fBac7e2C98B7ffEc486872A34A51
159,0x60012f776a9C8fAD263e07a37472730f39C49C14
160,0xF5Dc2F7eF5d29c31462ae92F48879FB666B6A326
161,0xE91DF47527c1Fd731a500Db1BA40b7f49e0ce3eC
162,0x551D6F9EB0299488038b93F03a5213eDDCd85452
163,0xd00135307892C714B3D887cd6513E946Dac564C6
164,0x5FFDF279cFACbF0De9ba037540045780cB26F015
165,0xEC810013c86fDf1A5b20C03B44Cbc49FE8cdc769
166,0xee80Bf1b297298c5d314B96F6AF85fA514aC43f6
167,0x162C37583d46D308391D94ae0A2d491607F37481
168,0xa0f280eF130ED02f1Ca90d2eEFfd09FbF61512c6
169,0x0461B99Ea1664e8ACe37961fA9D9FEd0DDEc5239
170,0x8F15E29D7F96b3e50cBBE1Aa6E6c62e2e54F75f7
171,0x0220ab849642EdEB0a0bE0e589ffEc3b9928C353
172,0x10D298dcC3c7C38e5706ea41F538d896326df01E
173,0x281c7E994488724f201c8b5CD63279507C34662d
174,0x4832DD3CD01fF58cF7ccf2e16908Fc5dececf0dA
175,0x8D46a3642723065823DCbd6F2cFFE3C9092Aa3aB
176,0xa56CBb5006E929DAd6c791415928Ea5283e56d47
177,0xb30A0552f8104AA88398FCE6BA17dC1abB723CA3
178,0x09e5D0543B34E2D5ecEcDD8C48E94DC543AFfCAC
179,0x38C99F08CFeA850c962480c99F398ecaD23a4946
180,0xbDcd0e5c753af2bEB3753De29836c61e5831F856
181,0xcC2d62cAe43a76bA5880c8Ef0F9daD4024FC84AB
182,0x9e86a19D50a94E8755BE318B96C81fFcF84e51D7
183,0x0de462Dea02da2ABE2bC2083dCA7657Cc4148A92
184,0xD1f8CfF4845b1F01E4645f82809413461c39C1b5
185,0x8Deef804a69e38dF7e280559BB23a5726eE015b6
186,0x64b42eB0a9A4C20110BE74BeFF894a14033058b1
187,0xA7B337096D526baE7e974658f52D386AcF16FF6D
188,0x8c223d0ED35bb094c3eEe2c47c1E0F90ef48c9d4
189,0x053d45587112130ad6046C7B0d249e5BAC2D9f45
190,0x21Be564d68a3705bd1dC8613B0776eA2799ED63a
191,0x4d695699178b40f5812AAC07B27c9754AAE3eb4B
192,0x611cEBC97b0391a1D11E36A2B5CE1DA4bcFd4Df2
193,0xC47feb82479bf2bB4aC841AA6c61607C79f9E07C
194,0x7B99afc522D805caa32108aaD5fa2368b5869B86
195,0xC484901Da930b089F7094734cFCd765FeB8D8214
196,0x9a10053A4e28510A5FFd00F4126229D54D981D02
197,0x74018a297C41fbc3CAADB69E440392822F94FB85
198,0x33637c223303e4905badF1bB995c3ff17A8569cc
199,0x167708b49E5877aD469afe522ec3e16e68222916
200,0xBcA998DF7060061eef786149AA66C123D785EED0
201,0xD1649A4AAb6F2F470f3c12B7D0DEBd3C005F5563
202,0x79948458BF5e60615fF1490E29fe72940CB538D5
203,0x103d80e0B7021932F1E449F6C11ee7190A057c47
204,0xCEDD4DD103692a17B9f4011c002212662aEB01A7
205,0x385Bf0bc0508eAFB11fAD3057c1C58cCe47d776E
206,0x412b8aE2d0aDC42Be0DBC03472f0418d3Aae1D4a
207,0x154e0d2FD7B19dd6B636A7f6f945393eD482829c
208,0xCf9A9d31eE45b7199B6888407dfdaf24B5615A85
209,0xa1E4579345312eB8f08fD06cAa26eFB91EdC8530
210,0x6209B8F86bE49581d33e3279a4f0C0932f3D9158
211,0x8EB6639D50162b17a56dBa2697992953240BD623
212,0x0E920a5991834404CCDf9702de578D45b2d6b735
213,0x49dE8bd04f59B3d375DB6dE896BF6F0E06782cf4
214,0x9A30349faEAC6242b6A3c079ec648aa5dD176c95
215,0x10240bAD1526E819d75Aa65D9B2eA7736FF51B6D
216,0x588c78973c70A905f7826fc98a56437032A9aF04
217,0xAd944FB184CCD398E92c73a40e922C69538ED53a
218,0x96381E4720AEfbD7D8C153F618dc74CE60d469D2
219,0x142aE01dc8bBC287cdA907946fCb6f5BA5920b83
220,0x1E70e645c36D1b983d55269e49f3652DF1b76540
221,0xb29a87B641568621CB3ABb2c6A1A97311e4A996e
222,0xF80c2e23D4e25Be35c00f989DEaD80feB4524003
223,0x90B4d06ebF3ddf586c07f38Cc42Fb1c8c4C91188
224,0xeB51bF1e55D921D92e53Cd39F8bEfe42F4264330
225,0xa89785794D22397044b0fB4d5AdBAfC6D742ca6b
226,0x3d10723869A4844ED11C547b69606763a5838B83
227,0x9d765216f5719C80E33BB8b04D9e45A7a3Bdd55c
228,0x7911179dB4C9F6150Dd6c34357Cd7Aa365173a0e
229,0xb1C8c5cA12d16Cc70Eb787C14246ed68db7Ff6da
230,0xC9E0061615b76fc2674c49135D9872d8673Ceb33
231,0x06869f2B26bd173873f77aE25DC86dF08D015571
232,0xEe159A0f99bd3d46c06Bc11746d34F57c7dCb411
233,0x33c2b08aCF196d7D0a2F50541F26547002d11EfA
234,0x936A40770fbE2Fad1d0FAf68fA527e94A7df1130
235,0x689E1eA5FFC3d7227702808066dd773f244e799E
236,0x55Bb09a97819839C7e3a9A003CCB18CB1Aa23FD9
237,0x820870F99b96B81AC5848CF9d03d89309B1Df792
238,0x66797aEfd99054CEB4e35D56674B6CCb46C60D68
239,0x83a07921430DBd85e6dBe6c3e0d8BE5950BCcb4B
240,0xA20DD6Ff9acbD17455A2f453608a1f878BdBF104
241,0xC055D93AE6bc7C52020eB223B14Cffc6F96184b4
242,0x32596A09F24E407c1D855Ab88176705A43aa5227
243,0x73415FA313c49f70222FAb9b6912b44B651Cf474
244,0x1c20bE23886D02Bf687D98104ab0EC1622f62729
245,0xFa499d9166e2D1F93053B1beFd28566b661e7840
246,0x64570E1c04f66eEC3ABA987b5B0381eEd0F6c675
247,0x3487229FA6cb41f3ffAB0913468Bf72426e4295E
248,0xcE27CA4393E2a8F46185Cae71c45201848278651
249,0x5B1e7a1A0476d5190Eec291013a66d4ecdA1C01A
250,0x6BF8e6821a7EbAC77c261DcE654a44e87a9D5a89
251,0x7FAaF0cF9494219Cd49b51528c4d0Af5b36249A6
252,0xcCE7C4D46e0f7D969c1Fd7b590769Db480ac5175
253,0xB36B80D0e3518F8E328E0E0415999761952d9A4f
254,0x0a9F75d60F45bE9270fBB21BE8e707D691CB4b76
255,0x7B724c6a9c87E4105828E91975ECf4A6b55B5d9F
256,0xf560f7AE4C730fe8422E1788E15Dcb5F020EE0ba
257,0xCf5f4Eb4EA126302Ebf007D3A003B04c671cf7D9
258,0xc3A34407a6e118413922af1424bb509AB25D3D01
259,0xf514D72bE9bf83Bc4C256a19AB3522850cD0759A
260,0xcE2c491fA34b3C7Cdd8e502a265E1eeF5a9bc5f8
261,0x39aD91181cBF1c10Ff68dc0590364B42f493AFEC
262,0x8bd68a8391468dd034F4762E568a091586b630fC
263,0x821ba36f0d95c12D42bb5cE81fc5b0430eb4391A
264,0xAe9C5cf91C8bC39db47A1dcE7D9acB729BBCcC37
265,0x0a7655AB3623Bed94D2aF25f6bEcE7976624cFfc
266,0xf1d493f579833f328fcE95481CE47949dF250271
267,0x9066d082AFe3B42d606D18936F430E4b67f03612
268,0x758650070acf35e21F995f8E02E4363edB1766ae
269,0x22E0657E93A16d60F04c35097d19463A56ddDA46
270,0xe52C3B1667cFa7E6A33D9189079D2BC1047a78A2
271,0x3896b1e73b311024E85e02b6Dc10E0eb4f1e66b6
272,0xd86846A3adf1bd072F58098715EFdAc532f4AEc8
273,0x1F805Cd01536476b52878adb11dF488a62eAdAbb
274,0x5B7ef3b8fD604b1246fD5CccF873c973f9B53186
275,0x4dff652295161657EF29dAbEEa2251d072C5a24b
276,0x46e6909152D5E899Fa35337695B05c67260C7baf
277,0x2cb387Fe24D57d4eb2D5A600C50418fd8d8BED2F
278,0x285D04c5adee19c9dD0302ee60aD8Af750F37F29
279,0xd411e69aad00B79C62A3034639f01ACF80E93619
280,0xefBEa0dEE941D40f063701dC618Fb13eebE18D03
281,0x03eE9aE9f219a6c95c3a993C8eE0fdEAEb71cffc
282,0xcd6fA8943D020272af09f3E2799cCBb4c8Fa4AEe
283,0xFfA7bD7CEB62C9514c4082686EeF0b5b4190589B
284,0xf6de2Cd2D7Dc9E2D19747fEE2f803Cc6803ABC53
285,0x09d5Ee598D7a981EcFa8a0DBe064622CC54E14a3
286,0x0515Cbd1aB3236ffEf8f57BAC0bffB04938Be132
287,0x7F0d1761d2ab813a00fB4b74594682fD06808741
288,0x3f02Ec7B5b4f03669a163601565C352218d9A521
289,0x8713F617D3462088F2C9b5859EA96203fe9B3299
290,0x87E90e6fA8B8434f059fc9CD77F95C1A4301BCDC
291,0x983c770368dFe34F065345d83F10a32BfE875ff6
292,0x3624dD3E9b4E543Ea3AF2eF811218c4EB72F0B2C
293,0x16D2Df51Bf3F9eba4469CD65d59F258E53d4A4Da
294,0x50ef97c5c2De900538874efD787D6495B0B52d72
295,0xB185F4c57529E08F14Bd7B4f4CCF99f3Dbbb8c3C
296,0xa47B7e1DF3385e5CdbFc87241b3c4c57Cd4ba2aF
297,0x6eA47A5266869A05746128ad47c150032Ef959DA
298,0x9d8988b80020E15a176B62dCe490b94ba44e1bfd
299,0x520efe2806873B6Ea362cadC8634Ff81Cb496735
300,0x602293C97B6cf1a19f50d88C18BfddC93fe12A05
301,0x72592422EF4DF3Cac46246E83d01BFc173d44e25
302,0xbcB2d7C3cE8ee0432cCc8aF60365a5761BA7AE41
303,0x727629F6539491438e6af54a0B70181c1E735CEE
304,0x4857C708C0D4Af841D77534a63cdA030939D0483
305,0x65d0C10781552BEb93Da1BbdB689E5B2cD0913A4
306,0x6412067c9F893D9Db720a4E2477A0f2B02660937
307,0x9C593618Bd5ECEf8EB50c6B77E6d639Bc164F1a7
308,0xebF9AEA5D8d0559b9E7Cb2810Bba68aA7939212f
309,0xE61bA31cA91fBa9B0727f0F36057921e6E34d3F4
310,0xf82881A2CD027f9fAc14C71375060dbc885120f4
311,0x5B90F47c4815d40100a8C36aC0f6E6Fe7C31AaD1
312,0x0387ef2324F8dDb74674dee1DA4280f22cfE3519
313,0xE7543C91801fa3ADB4A6314A3B8a6FF73228bbca
314,0xE10409607F0B51811777EC5536237c6f9db38196
315,0x2bB17483B7446F6637108546Da7c39c3f23B3C72
316,0xBCC5812BbC9A7Cbae1E4A68D7Fc596c91EACe97a
317,0x53aD62A09735f1bda37E6D4cE2fB48a7AFC66d3B
318,0x800364fbC6639e7A85A96Add2972a2E8e678F2BD
319,0xae3Ce167827E5d9e20dc64e81eBC62164e2276f1
320,0x9327b6CF62aDb8c99cd9F86c07914a47c470AdeB
321,0xfDfD812d900334268EABcd440fDa6d6A8d1c7F57
322,0xc5596642117aAa58d7050B532dFd049Da71917D1
323,0xE46E4CE5c333efe225Ec57cCc6aBD7583E9C8D7d
324,0x89d32b0EF2eDb76c28953247854C648b5764b48a
325,0xB969f7D241d30dB6b139F4FF596FB08DE2e80790
326,0x63bA354652bBef44C598eE15f7b3a080A303d012
327,0x1729D14071007ad2a999fca2f8dA92744BfD0e9F
328,0x473a139783dd48F1597D3aC2471E47fb4EcB0363
329,0xA58C163fE92536612769DCacE8340784307ABD14
330,0x3f36bbf03113Ef3Ce1C94c3ea059b48BB6a66aDb
331,0x78be3eEDaCfD3C3595A5B62350142fC79A234863
332,0xfB7aD034A96A4aA94afB7615448C73771420594F
333,0x5BFa87081536c3E89D1E67A73593801E813B683f
334,0xC153cfec1786f6F18625537a7cA8247eC1b64C68
335,0x64b2Dc62038D2dFaBaFaf903F8c65bb3b1DE7Ec3
336,0x13C719Ac1c5a59EbC9937f79Ea53C66270d49F44
337,0xe0102f851c119b5fD21C5bbf360e4B74EE073158
338,0x1583a6DA9dBec1f696E082A610BfCB1425B74e13
339,0x37B6d3A8b883c4B6aBf752EA779dFc5a45e53170
340,0x5733A562a5D821AcCdA84a64CAbf4b41Be39dea1
341,0x150503995C5B329aeBdb9Be5DD206C36a8A50215
342,0xA4526A17f21c2C2C19A4dDD8D92d3f9CF8Df9e5C
343,0xd4977B0E0b47DecE73b3786AC958b2030FDF81C1
344,0xD951A1F6D9BA3400738af811F11C5e56054c9d04
345,0xF9f09744EfC3229f1F82c3c67a985fe99A3c7Cf1
346,0x69592eE56A102cAb3f5c0D8c883C14Fd1BAa48ea
347,0x6Ed26C697c2d12Abe9dE00c7bf1D5362492D1114
348,0x528876C736fD965Bf418Ee108412f4c8C064aFC7
349,0xd57dB5B99E2c2172ee22B06832c0Fb41FbFD5F6f
350,0xF3E7d2529bDE0ada81328DB95381E63b8A78a63C
351,0xb27460ecD2d50D48786F599C9cF6AD6A4D449094
352,0x2a28Bf35B876d16b306F4ba03072a3221d78881D
353,0xfe81502c4bF268d49844cb89Eb9cd0093c4483A3
354,0x8925177785939C29Eba49B3411DaF9dfEDeB01a5
355,0x9a541Beeb64bb744e5FB7dB8Fd2F1901004246E1
356,0x491f886f89C9D412D325DdbCD50C6D7b0Dcf0fDb
357,0x5875950ABa87579ff94B4f3391e8A4AaaA1D7549
358,0xA37EFb9623cB87516A0394B93704259CA39CE538
359,0x28e56C0cd813a45fe645fCA7306EfA071E1844Ea
360,0x57B821ae780939D2323e85019CeFdB28D0248Cc9
361,0x1B4D7Ed30B99c5E214A6DB7f356779F8E90BfC8d
362,0x8A5e1D6a3e6ca1FBfa4609eF193b0F17fBfE1C27
363,0xaCD912f829F3dceC9F743BEB29402aBB7840BF98
364,0xEFdcF45CCba46871943B32a870e5Bf3F82641578
365,0x67ca45E41a328Ec6E76f6fB0169bEFFa2Ec6Bf2d
366,0x6a3ae36ccCa6d66A9BCcDC45FCb9254aA94b9325
367,0x24b55303E1fb086D5c89bc31ed5cc7Ed82C46861
368,0x4388dcd0245578B6C4351CA3404e54528d4e57Be
369,0xA3266940fC8c23be38fe2Da689277DFec1768c8E
370,0x4EdA0782030e94675F85cfAE25fAC7eF5582ad14
371,0xd4DD5464Cf69CaABD75C700C87F5E3C0844afC28
372,0xa771E6B0B984F228277926739103a915A19FBe9f
373,0xBA534C8646E1cdc5D3fF226381D13778828176eC
374,0x4c3DAc93e9Dd197e42BE0e73917D19DC5BDB4580
375,0xACD72B41480F4a3F0e0c635839Af51FDab913Ad0
376,0xEC2D221A0AA06411Dff3cdbF96A66571449944Fd
377,0x6A6461c6A16aE2375Df115E17197C856266f5240
378,0x81f87708b4AE7845C287f3cbf60d82e15afedE51
379,0x721109f8f8A0996725C00D2D0D2B4D1c57De4927
380,0xf6341F3bD5aBd597a284dcfd3fC08A69FE47ae48
381,0x23145eEfE5928Ea720dAd7048F8a063b295A3813
382,0x9469B67D4cD2bf3E06741209530f82462eA70CBa
383,0xE8beB30ACcAa052c7EC5F131F0B6a825C6a96335
384,0xD794bd91ae5F1631B6A7bB5968eC197c7Bf35465
385,0x4F73112bf4c4e5BCa1aED3eaAbF6D84FF60003f9
386,0x1d815975d88966F4a33BE5abfEeBa7F1338850CD
387,0xC5823b031FA105BFB1Ab96d211aB8F01984Ca7d2
388,0x1FBc7bEe4aa3517e8aDF37D4d15059360bAC35ed
389,0xB25A65411cfcA1678ae572602a49E4846847dDbA
390,0x8EA7051003286293d5f71c8180DE6ca90d862ceE
391,0x191b0656Ee20641FdF0FFe3fdf8065421309A159
392,0x99eca0897bD6Ed02d6870385b35A851f8334E07C
393,0x92a1a584814413E000A6696bF0979BA7E7966725
394,0x478B39ed25a18E5104ad0C31Da7D7dE8af9E3659
395,0x0C6fF7F57024591C55ab9aDD4387934aAF37E861
396,0x0b1f8D5824b28540D08be4458871a5cE634B0506
397,0x0D96C272c0cDE0AD73f095F2E745Cf7EFf7D5E06
398,0xE70c569fd8aDF684aA361C6DCf289C8ECfBAE167
399,0xd6C34a8a5221cbcaedA0bf7dFfAfcCaa4F572D0A
400,0x47169d8D3e164fBde312c8556da0aBBF4c1d59Eb
401,0x99A0b42B4f22baf8d31b25e449ad006c36061e91
402,0x6681F4771f2b5536eBeA8fDC83e96D0F7c00AB2D
403,0x8742E16A467CD605316a86F59E83e1610b461331
404,0x3515cdE32F389f282d5c81674e4ddbDCCC106c0d
405,0x8aAa1be271eBF5D1778D4798BFd91E7790E18032
406,0x35e9133CB2476121195e422Ad46251AF34ff6EB8
407,0x370b7d10eF327b068E0e1646286fF9Fd6CFFcb0d
408,0xFFBaa62EC564C72141eb268aeb2Cb10Efb24ad58
409,0x07D03c708fF07bC93f8cF61633E3631f42104795
410,0xAED4Cc8eAbb4188Cc54c9A034EBC5aFfe50DcA51
411,0x4d9764e9E1f1918b93D30589A54D2D67ee1252E2
412,0xc3dF767981Fc58E8848b0b1EF5EEB782C0624310
413,0x084b50969BBD14Ca6cB7305177DE4Abfa3FCFEa2
414,0xA88a38B493e11Ad111b99db040B569E9D60d702c
415,0x75B6516d7A8AFed8e623664B7A07CD88de79B62E
416,0x0FE0a4F6ca5d416975eb2d095f859AE0c59F4b3a
417,0x2830D34E3867793C0709451fd473D284771D1E98
418,0xcb410E84a42Af911Ea975AaC5BEDBE48B7B4b94C
419,0x0d6E1783Cb23Db19a35201173BD24F957f1C34ab
420,0x70A1f87f12ab4b517cC31510Ec81817FF6f0236E
421,0x4C1805Cd3cB0B5e9503648DdF5dB9D91b2454881
422,0xaE9b67e8d57ECc0f41e997D3Be46971132dbFF8D
423,0x18f647026844c3F638F6866142De0f2d0e84E1E8
424,0x006386e65a23199C5Bb82b4d58463e7316f08905
425,0x3f10A6eaDc2BE7Fe04d4E096bD36736c2244196C
426,0x159c887531AaCbFf7620033DA058f07cC0b2be7D
427,0x786B1Ef33b32389b6079D4f9587Fb259Dc7E5846
428,0x6924C3305Ac4b61D0327d8A1b59CCf0c0D7A4242
429,0x2e16926B94C2B109a16b190D2cE7d8051718eD84
430,0x98859Ac96Baf1F57A7B22F8FEE0477560b169E15
431,0xb532c2e675cB51c51E5b55681F4236e0345bc0c4
432,0x55bA5Ec0b4f4886626Dc2534569b473f42360320
433,0xaC7275ED3E4FAda023bb1E966Ea93d2a43705e4b
434,0xaF36486fE3E7A8563Bb4050f1b9e7dAA463D9f9C
435,0xFF5B6fb84FC6c253ae9D16E5bF04dFd9aE26130B
436,0xE72C3f0d61AB83E31DeE579A2A88c354920966be
437,0x3eD7A6E22275eFdfcDa7393764dDd17Ab93071E5
438,0x2a20Fee6528B275c5630f72372af722950b64103
439,0xcE77274EA5b4D4A59E973448A8D3310205dc6241
440,0x493Eaf6191Ad1D4cefCf0ce7657EdaFcd268E343
441,0xb260B5C3F1b372f63f202CBeb4532aDf16cd384F
442,0xc436C7bF02De5AE9b2133e92f91CdE535293aa32
443,0xD5d6253d5E0366cb5CC87D87cD9a6f96DEE8638C
444,0x0CD40C0369D5142809dFdad6B2cAee6a72Ce122e
445,0xB7cf51f04790009eb7dC75776Fc3C019c300FFdf
446,0xfafe0c10c6e3f7DA7B73083f8f15eb1137B49314
447,0xC201E35de9173e780e047aA083410cA026d4e1EF
448,0x0EBb8c71a4Ea28553D9c68e75539Be528727Bf86
449,0x911aaF9B85Dc80c37534ef56b4D0b8c87268C3Fc
450,0x5b1453571Aa2038Ed4B2B248dad0839271ce49E4
451,0x744e3aF2aa90d7A1bae801feA7BBAdf1a4c5c36B
452,0x647182D40fcbec0D1D45F914a4959B388C4e7a18
453,0x5e625128804af362645CCDcfE1a2b5dC71E959F5
454,0xf5528bC49f65F285650d5bc187FA6820B4C4c950
455,0x6C015bCEc53b478772366fAC7E6b7219A10DE159
456,0x1175c3562E474fB3e7a8f03fafa1eE3E63476f81
457,0x6b01781D90c0B80Bdbe0f39cb11eD76FF988CBad
458,0xB75B721F6a0c584Ff79a0EbB153a4d7A7eFE69B3
459,0xcb490D3670884D7D9281674B2dAaD54FBF38A48e
460,0xc8F495ac937CA4391FD040F33c3bc2D6A049dBA3
461,0xD4Aad2A6c7Eed112af6faa344b45936A613fE0aa
462,0x589fb5A62b3202135610bd39e94F635651BB43d8
463,0x4454c4F7665D202daC1F030e930975bE36437ED5
464,0x0a26966f2A59D0308cB65Bfb15098A2891A8ED97
465,0x9099c08Da433cEB408a1D029a3B88272C37A193a
466,0x70e449609A3cD75750c95811aaB986ae3A83C209
467,0x466d53c224FC12D7A5485992Eb7aa2eBA0A4179F
468,0xD7B0908d3F51A5cEB97ffae250C8AA766FFCcbCE
469,0x8Cd4DDB50c34B4a1a197691a283f6f6Ab9E102C6
470,0x4F472023D2FbE1Ee0EC5CFC2e3c95a29383162Dd
471,0x3C6A096578Ff1b6B479C5b9C4E77e36749E83676
472,0x7CEe9aeB2be08f74D9cb557B0D266db288Cadd70
473,0x7A14DB3dbBF2e75f8C789C5E0A0c8fb4983819e4
474,0x70b3928641496Bfd3CDf2990Fc18E8FF8E175BC6
475,0x370f0594c931F6cc738371808c60CE0986B9968f
476,0xc6c2a1CCB5EbE4DfFdE78C1300fafe92B8c3f586
477,0xb269614ECA489d3F758719E1D9B4ffF83F9709b1
478,0xF0C47306Ed509aB51d2Ee75d09084392182072fe
479,0xDE5f6d67f46684B696539d503423B29306850C6F
480,0x1bEc6EBAed5B816FEf13D168d70CDd96B655F6f6
481,0x43C7Dc2b91E83Db6b6De881ca13e1f0aED8E10A6
482,0x7168ACeB4BA2C603018cd981c237237CFb28eaCD
483,0x3540caC6539bAf00D001cFBcFAFb330eE2AdA6Ef
484,0xBbf873D432C9AbEA2345e95e32bBED6382347CeC
485,0xdf8f115EB5301C3424e6F4189823F4c61A5B790d
486,0x8cc482b2748dFFDE4b48b9FF44805129F28d73DE
487,0xB522e4AAa7e81779c35f9B072502C5c03fF03362
488,0xF52C4C1F1F9c4666E943D8C817c128cc8DDb227A
489,0xCF5580c4cd0b616Fd17A6B22bDE1D3a4EcC97003
490,0xA97a6f4cc1B8B0c8f407c877F9f0D1CFB8e4c85e
491,0xa825a65b52F6b55A7e56270ecd5A5CBb8BbA3165
492,0x9eFD3af6F091A4F93BFba354D4aB0b426E96C470
493,0x214b1E9178866bdfAbBa18214CdC6F38BF743CF3
494,0x0fC43D032a03A9da2B708703393175e6Fe134CB7
495,0xb994F5360EE5185225C54B2d258e9CB73A85521f
496,0x5edd2E7DC0d3365691b45241c58Ea5E1872e5453
497,0x3460f267Bc804EfF5230EFC5A3c45D466075B5fB
498,0x619e1CBF7C2997b23ca6b266AC9588d4E68Fda9d
499,0xed1B2BD8309821600aAd421D88f21Af9Af75A735
500,0x5497A7Eeb4F9afA9255AB0FAbE01EE29cA084FAC
501,0x5F4590BE9D88d897197E0D2De5D6f98ac87596D4
502,0x4deA78AD84cB9E9a65895BF29F01AB857d8133c5
503,0x8B74E742dc7bE44303d15624c1Fe3af44918F923
504,0x3C26d63502Eb2A88c6d90d994c9B9E70c139222c
505,0x0e925c97bE0765769660F737215797d8c80ba04d
506,0x94c38fA067Ce7861730b606C6809FBf98b265001
507,0x12B7e73998aAd3C338A59449BB9c7E4Bf748B6a7
508,0x3A3a3b602173DB81f3836e65417aA6e127EfDbA5
509,0x95b28E9443425C957Bd45DD096396A73B2f42481
510,0x6774775C6e3A336Fc967a3fa58CDdba84fFc2dE0
511,0x250D88F923d9AA89640d899845DF9E5948B9A67E
512,0xA4707e374615a36b5c75655ce1f8c1BB12AD1512
513,0x5d5df682Ab58CF6c49B765522E087273ee1C40EF
514,0x9147D1F8466056CEc43b86aa262C7267E176678e
515,0x93918856e352C289A27Cc822582084CF503638Ac
516,0xF2BCa52d5C5DD5F8E2599DbEE3b7aF87511ce83a
517,0x99AE92dBF2d86bFfAbCD7a6fded457707Aa6a076
518,0x415405727CAD233Fef56AfFDe749aE51934Cd1F4
519,0x26C532cc263c1e6f77472C6B96838e6485dff8fe
520,0x1fa9895c90B803805588c448Da7d5Fa6513B93C1
521,0x1B6545Babe9C42eE333149e0C6cFA46b1E6BCb39
522,0x621a187CC89ed2cAE75c83D55B01b7fb0C55BfB2
523,0x162a4B8B7910e424D5E4E10e0f93a00d72fab6E1
524,0xCc76C10A08b1b3EB1b2e2E96639E28DB5bF54fD4
525,0x8FD8E45565125c859Ba1D8c3b0D713aa271E0Ee3
526,0x4500157871D9475872B58A68d25F549bE2519374
527,0xbE4600F65E48223CDbfF60149A485bd57E51c79E
528,0x4b8024dbA0A9B5bC2B6487b789FB2889896452bc
529,0xCd2c48f7c020D4d6299f77694588194d45e300a8
530,0xCCfA16b190944dD48d673c48c4efe3CB9f00807d
531,0xFE5b8cDd2444a8D9A1701278CacD1Cdee9303f13
532,0xfa749f7dD0cbFeD05fD4ec7C33b3978953d90055
533,0xAfD1e927A6234B5D40921c88DA825Edd3A75e014
534,0xEF462A9A238651B9f9C58092F45Fa3bbFe0d2EC2
535,0xed11998840a4761839894f25f73e166591b2ce51
536,0xb53fb211CA7DFc6AFC7e1dC8f3ED1CED662e20A4
537,0xb5cC81384058a1Ee0dB75bA308ae444528F81698
538,0x5321F640449F8Ed57C7c8c3f3260E51eA088eCd7
539,0xc7CF444f13e06d9081581227013444216b86c7a3
540,0x4437fb2EA9f1BC81CDB5418872758e0e27CBB2B6
541,0x2A68A707Bc4b916d276673Cf6c8C23E86BcC1F19
542,0xf8cCdf0F3a34E41f75E596EEde63F38a6d609956
543,0x9DA530468B69C629cEBDb982B539066b073618b0
544,0xC772c488392f5A3681B60DBDBFF75CeA00F50179
545,0xc84b930512c028b79A0e55576883fFC23D19F97f
546,0x2071cd0B616D91268d3859B206F3a71149f4bA93
547,0x5F7372636b77060df4Ea66C2810695c2eed11CdF
548,0x95c9faCC257141Fc888f8e2EF71391257d1F5A99
549,0xa35C11FCE021F56f104AE0b33B2e327b8cB0aC5B
550,0xFa4aabc064D79915970275e83C8dBe02Cf39e23f
551,0xE59Ad3D04Ca7C4F2552622F498a79093206991Ea
552,0x134871aEb6DE533814e2c46d7Fa8f4B7bd128C09
553,0xb61AE0BD4CDaE3b4774f8Cda4ad58bD7ddc64c92
554,0x9429095Ae2244bd7c19550A6f50Cbb19E5801e0B
555,0xb9412E83aE84621AaF0F85d1DADB2e7aF45b05e0
556,0x33885310192Ea984476991b18688eaFC4C35781f
557,0x73bbcB7Ecf841ab0C6928dE145E56f264aDd491E
558,0xf1ADe92C0dE482eCBf1927fC4C7A390f4f8143D3
559,0x01e5F18e2F3d4E41830df4bbA4b1CEA87acbEFcB
560,0x51e5A7a4203b0D9D77AF56A612c7E1A81A462e89
561,0xA5B95163A3692d7838949C4be63AC5bf341Daf85
562,0xA22a5ba63E2923e2c3565b356eBC7421181cBf65
563,0x839C7f517e8fbff44029fAF5b29F61Ab630c5d73
564,0x58868E205322D59Ea81d77e81C7b88959223E3d9
565,0x872c9B074Ca09391C40F4E1421482FF8bcfc68eF
566,0x580598218442cB6936f1603777BD1cAF5416Df0E
567,0xAd15e797758c6b71F9A0ad8a72dAF837B9f830e5
568,0x25F05D5dA3B608078b39E8CaC8Cb0E92d081751C
569,0xFF05Df7105Fda1023b031e3B408232AcAe1EF88E
570,0xf1edf259241fda5470dCd648639F6a969965F064
571,0x25b4dEC30b83D408DaCdd17a8B70e8e171EA20Ea
572,0x2DbaA5A0704E7791Dc6446D0B48048Ff452E3d0c
573,0xf9855352490BD5067a4c2648271Ad033b9B921D6
574,0xcbd147a00636052991E1e58d65022268F1f124Fe
575,0x08f6c7Ed41AEb36fdf395E2654166953380145f9
576,0x10DFC8AFBac1c5F742D0eF32781eb132724Cc4E8
577,0xE176344595910B515a8E8DA63D4Dbec5C4B9161f
578,0xA6446AD4Bb9Bd98600CC24A97c80295329094665
579,0x7c36e93c42C3bEc5b038CC2CE49Ec63Fe9fA57cc
580,0x5D802593C4fCB0c06B071753f15bEeB52CA4cfBC
581,0x79e45DdcA8004b5A702629B6F6B730bA9ee9a36b
582,0x82F28A9869e826C4d68ccB8440e3b232b035B713
583,0x3E55A859E71Ac34a5ec1D091EF2734C45226fa4e
584,0x77A6204aA5D394434417a756a73A44a6533Fa44D
585,0xff1F87f7710Daf3EAE391023181943a7Eb1EAd90
586,0xb4B57f9B86a58E376c396320C885CD5385b65F53
587,0x56cf5404CF2971189dE7Db3a1c8337DBA0E9d8Bd
588,0x9414CA50f3cb3D2942fe6f4aFd6e34F4fF3d5a62
589,0x9170A838514b93372A0f85e6913EF9756b649F58
590,0x6A35aBd6B7CaA0A22f2874746644A079fa353a1e
591,0x23b24dd40057670BA0649A4F5fd8cA01D5B8fEB4
592,0xDD0b6EB2107e6B33aF19824C05A44B84aaA433a0
593,0x77846872d67c375cF615f67E6C9bA895A7d95c7b
594,0xa76CE67Cac77E6580c3A95b743c24Acf8cf015AE
595,0xB33ADcC8ca258D5ed9E19D1Ff6089139dBABe6BB
596,0xF14702c8067277b03c5893aa54bE2f274785a6FB
597,0xE48D29268D477C4066405Aebb305A8365a9F6885
598,0x87C11fd7D615265Fa71Fd26ebe5a5319BF70dc89
599,0xd5e7faD740539aE29c3F6BD2cea91837Aa20a4a7
600,0x4183c55e3fCb760F316F70d793493f400F7D95dC
601,0xDf45A82906ee3835e003935fA46cABAdDD399264
602,0x6DDA91166D11c261a432736b9aEa213691D3AE77
603,0x85637957C4173780d39b85BD09F9E136742e1a34
604,0x7655739c9530f0D26BBae84adD2D0e52FF3A21Af
605,0x1EE167A3BDB30a473b688776563Dea0D3123FD10
606,0xa2a8E0a8E2C3b85684657Cf914059475AB6Ba330
607,0x1F01beef2Cc6A38673F72612B7A21c13E4A26E19
608,0x258641BE8702260c93618Cb7578d5499AA205c5e
609,0x38450EBf8bcB9D621Cd31A62C2D65bf3654F9F98
610,0xe375d70cA442D402E961ea48bA7e79b936141C70
611,0x8b7E2311255D6f6C46729303EEfcc5461Fe24Cf1
612,0x363434f15d33E80c9F3B7962986cFAa973083c31
613,0x46f7ebF5F7D045AD037fEE7274785678eb971662
614,0x18b39b0218a078DdC16Bc376d1608d9423Fd0F02
615,0xC2575C5A83b1b74C2A5F91fabc221099aD610968
616,0xF51373857d645FD5Ed6643f7D688b35846A938D7
617,0xddA9d5A5BA5eb4b3A0816b66EF6977302D50F192
618,0x34417935439686a8870484c99C520e572f2C143d
619,0x81098fE03F05C9C0C9b207f62D17a8605dCD0684
620,0xaf818dE1d0FE1Ff65E365e14423B733AA3C12bAD
