0,0xeCab56116e27D00bA844Ec985F221582542FD747
1,0x96bc0d2c75125CF656Ea7EF1672FA3fA37dDbf15
2,0xa66e8A4853262C0c27A8197153A6d4AcDf4a211A
3,0xbf32129830F05e852D8eCD603CfF8128cBF6824D
4,0x3F54281Da3e84983bc61E74904e8711e1DcA1D2b
5,0xfD55E8Bc20388E7Eb0748935a036618f90Dd4aCc
6,0x5dEE7ef918caB1c217eD6B20aCB398A4F052E90b
7,0x0C77d48531fD4dC784Fe3F249a920D26f10082B0
8,0x19fc9A9e944A23e8227947a6B853095a589855c7
9,0x4dD6b2ac20eF86f537B8fCbF884a5Ccea6A8611a
10,0x078DAdb86178728f2B15b56339C71FCBAcbFdB88
11,0x20536c36f7Ea48213E6835b93aFc60889F7865cB
12,0xBF3Ccc92f5609A7e3aeBbb9E334B8C08Dc831d2D
13,0x66B16fEF2A591A2309E84B8fdd94d7b47105fA75
14,0x382F31DCFb1E73d304b0f5fcE753489118899D3f
15,0xf13C303C0CCf673114E452dc1D6FCf7EcAf91050
16,0xff6A5440E4c1BB41f7f4Ac0D25ABF565aB9053d1
17,0x0909A3E4516c3545582dCDc2F7B273137b82349F
18,0x70887ac232f19D8B81E329b85f54F79294c27502
19,0xf255fEb29976115f2cb0E88f1Ff4F4CEFCD22cab
20,0x52EF8E76d7079b643089E96384345674363b50F9
21,0x65a27E411735262bFEe201da5D4A1a3e1871aD29
22,0xDBB885F9047F0151107d707c5E7d4b06e1262E19
23,0xDa858625b14536fD22F15F3c17938fE999A3c1e3
24,0xf085De0Bd6Ec71bed5a7dFDcC21925B98bE11048
25,0x40d07752D994fcF057cD7292CC9fbee44FB4B018
26,0x402597f89670b29FBd07c3F025580D7DF4dF663C
27,0x0FA98C1a226059CbC5a23bd9b78797FF3eFf34Ee
28,0x670d06BBBEAD92138E2fAadE8C8F849ad7Fc75A9
29,0x4Cd677D96c64ec9F1309A90ec8794375eA445669
30,0xaF8bb775274c24cCB8328F39E77aA2068B7788ac
31,0x10E24c5AD9945520bB0052D00229fc25FF5b4b21
32,0x70dE06Cbe49894E3F00818B02C1fcb9C855b737B
33,0x8994A7612Ab16DF1860016A53cB8a106b8f41586
34,0x5B15E657Afb26Ca51a01d0582a20c05c7fcd6d15
35,0x6cd9D94Ab75673434b869ad4976F268F0DAC7110
36,0x1d3575e43976b411FFdCB349793EA3245D2C9FE0
37,0x065991eD6e529ecD6EDAfA784A786c1809899bF3
38,0x5A90dE66000B0B3a2924fa16EeeE7DBa107eFF0c
39,0xFeF1411b80F9BE2E74690EcEc79BbD93e8310334
40,0x908C0F37861cF1FeC492B13D49710a788C0357b6
41,0xbF13C8E6DA3e75BC5513BacE6f9Cd969C13d6c14
42,0xd638C5a66a460ffA22ab20CAFC300bEAbD5c712e
43,0x72c15467036cD2c9eC3DC13b4cA0D03385D6A688
44,0x6Be3AEc74f0DBa51E9b02D2f07A963Fd5223E8A6
45,0xbe1427312f7b8adE138c5D2AeCe151011E8DFeF5
46,0x68cF2Bf0F6Ec5d3c7753538674533d03553017c6
47,0x21bDc923c8D60C8c0A3E989C5Ce5f9473878c5A0
48,0xb63AF3d8f91606394c6D0ebe24503c3D41dAa3EA
49,0xBD6e085b831478F7b3Ccd4FdC8e6114e5D52630a
50,0x4CaD35AB25007D22F7aCE4dB6A78bA81446B1241
51,0xa102fA9511B1445d1315f949a39dF6F4099F0823
52,0x1B2d92bA99Af558974715DD7Cc623a536Fb271b0
53,0x479385fc350606285058fd66a1694d5e93e1BC36
54,0x0bF89b5530e3938F0415a4a972BB9f677E4440Cc
55,0xDAaa9aa208cDFF23321A41E6E93bA811570c45EB
56,0xD7a13ef5B3232D360876E1cFEe8B5f9E40D7A93d
57,0xd665b3e9D237B64B19a03405B2b47D71323D5ED2
58,0xACd0e7aED14C5D1B98a67C6615B6d368eC9B4a6a
59,0x4cF5b5685aE56252E464C7C19E6C7DA97548C6BA
60,0x223A3d52dd905Bb356616Af3E869249B4CD468D0
61,0x8a3623De48C533918478A79C460ba392D5170a02
62,0x1f14FA5B56593bf7784782402A3d5a34ECA78870
63,0xCeaF6194B4D9597Ec313263B5901D80E8Da298Ac
64,0x851A706BfFf9d6ADB4d0FCC9b52946c47C063AF5
65,0xBb6E98d8B43163D174178b14d8531b2A711dbC0d
66,0xbBCeB96Aef7cbbd0b90d4d0F9Acc3545691A7fAB
67,0xCEe88509E2d2dd68A0876f1717CB72D33Cb7c98d
68,0x8fD9cA291480a88AaDFF9110deD149E3C7c08155
69,0x8A014986235EfE25f910fD7Ce93AAea5BF3Ed087
70,0xe1844486947F5C1A8A1e85BE5120Fd99b3aD7dFD
71,0xCD252B40a94a0a166cfB4395dD8DcAE0658b68E7
72,0xCeef15dA29aEc9Dc9aAEF2fBA73671eD75513716
73,0xb9eB6F43f4aB9b1fd2E45d219a94785004af53DC
74,0x8C69D6Cb1d4418e3AF1A5337adCe5f32Bab22480
75,0xE48188DF109644b9591520CbeAB3c645af32ADC5
76,0x79E81fa1281827a1D0f580571084A7123fBaa465
77,0xf8154F6377ff5C7c4322921934f2f67C43a06cE7
78,0x15e3b5Fd2C7187b5C406fB4E3C51f81e52fcB830
79,0xFbB64138C48B0a0ca5308994B971C915203e6C03
80,0x5997FaB646eF91DC1780b73f06D5f1941Ae25e4D
81,0xA72059F4bB03A10f2cacf468132226f8F68f101B
82,0x1340226b3aB4ADafdE873e3D864bF22a53C4C0dB
83,0x334A0fFE92b5B6629A4be8d55C1100Bdb97BC422
84,0x656583CA6d95Fb9800ef7e038B38707D071eDeEF
85,0xCE483eBf827D504127644e1d07884F7cfee84E84
86,0x70cf982dc8bcC7353995F324239586592c26DFe1
87,0x18Df09ebe45C11024e4D1Fe9Ab97C3FF64291357
88,0x56b9eaE01650F4878e5d86E3F75AA1aAfAA34708
89,0x50f68f25BdECe2bFA512c2e65bfd95896E0Cdce5
90,0x08147a03e7e7A1BA86fAA8E74F9F9010c5c96b58
91,0x64036e23210d00d29caCf6728fBffA64b654a516
92,0x7C7feAB09cEB8701e98eAA8Edd132EA4b5232448
93,0xc69BFBED012cc4e42AefF014f3683606E4AB3Ff1
94,0x18455d595fb2D8D1b4234b6AFd06F2a9FDd45Ce7
95,0xe6Dd60453AE9EFe0D4Dd7b66C798b8a19D4d1f37
96,0x67797ea01C4481dD1c5F13cE95050679c276349B
97,0x353e8416406A6E323b01A220a4abf82f164bF0c1
98,0x266A27998856ba2196e1e06eee1e642E49Ec6793
99,0x809cD6911A3Ca024eb4c6F9AeB89dF4C7a7D841d
100,0xA941392166A1F28CD57072e1F2C9355a189A4c16
101,0x45a036A68584efE309F175bD74726F82442b6Af0
102,0x355c204b82414e1C28E70Cf86F9eE5D15e9838a9
103,0x2C5D6d2a5872b6D8E4cf833f9ca29396463A4e2b
104,0xa8a38fbE73387aC453B7615d4244d22DCadC64e0
105,0x5E4Fd661b2089B9d0d2C9Cdef5C97C9c574e13A0
106,0x041bA66EefA5377626DDbfFB6A3bec8D0958F9fC
107,0xb8703694Dd7f3f1fD7F184bB351058cFE8Dc5A9a
108,0x514E92431AaDd7d7075b94b66774C1b4e3022920
109,0x56D31c325a5Ca3cFC2284DcdE58cd3DdA79D7256
110,0x7114b744BF6636D4b359531948048389Ab79f405
111,0xd481e9FD459B90E28dad07fa0EB7B3F6CA7C28a7
112,0x39186BB434d747D55F411160d7d5d9A5Bb35818F
113,0xA14E74b8f7a37b5fea0c1862fFbDAaa968d336Ce
114,0x8073357EB8Ec3aAa4E744129d9C252268b18ebF9
115,0x20d984550d9B8a9F716f82C5B37b46F68B457d42
116,0x9ceB1efc294e8939A9EB3E95671439711A34Ee5F
117,0x1c98cc816dE3F92c4De076131979E0C8C01bD050
118,0xcd0B789568B309F19F6b3892158e70e2629A3a6f
119,0xe461999e177f041b6961e56B05ae490399154F93
120,0x1999A689E367f2b634E92D0526F45A48a7A6fE3a
121,0x24cf58dB822fA1334554704Dd74178eC36cC4Cba
122,0xFaF9661eACD175709423a0282FBc801d074fC247
123,0x08f502Fbf1d65cf42DCaa7cde3B3Af9bAccB720F
124,0x65BaA29F7A92c4CC5208Ba7D59Cd677f6bDe19F1
125,0x10d4a13E750FEb80c5a34bf60AB05b835cd362B5
126,0x28160F550769551473523c5E23AA037DA6982522
127,0xB73094F1E5018BEA316FB9240c7CB8d52bE10A8f
128,0x31Eb26790133A954C8377F25f741c1DE57385E12
129,0xAA703B9c7EC615E6A43A416E8b082d5e7C6B7FB2
130,0xA1E6ec839Cb1fA1AA5eB856c98B3B4dde004a419
131,0x4db29fcccF697e5db0C41783DB345A000b51Daf6
132,0x7EdFdbA7BE682B1c256d8Ca9F78bcFE623116325
133,0x23C529e1f3636084f7bf0D76a1270BB6Cd2BDeAC
134,0xd96D51F40b5C1e35D060901b2b55c2e647bCea14
135,0xbF0b04B342a71523397563391639BF486b5aaf9C
136,0x0ccf594a3b15889a6c4ad11E2CD5a3A2252D9e08
137,0x1C3Bc9d65769097352E61d0B2F14A5c3A8767E17
138,0xf19ED6A162eb8A4d42079AdF535696831d945cd8
139,0xFF38FbAaEfaB147084A3aEE27063a179101856DA
140,0x48275c0f94eAF8A70040742FdBe908eEc64265b8
141,0x5945F0B2281b40cd1708660610f9a248d023F731
142,0xc8F2000d2Ba3D172Ee5ffeB5311f1CA19aaEbA4b
143,0xdB58AA15bF5C4EEDc4790812b75C6952eBa5d743
144,0x3c1328a2143C6b8BBb4B7b74F181fdc2fD68755D
145,0x861b4B0411fa9507250CE773d199D11981C931cB
146,0x68e964E592aEAbF3699D686d9c10712600F90eF5
147,0xA624e74f5D8348F865a28c958c38c4504409Cbf1
148,0xdCe3Ca4E43362b40c154E1AFB624C903a6d90Ee7
149,0xF269B7cd4e4AB7A27C1FD47889F613BE52369e6d
150,0x19a634E45b34D1019c9f275863579239026c3762
151,0x56f3c5d8346A2B47717489f62185A84DCF2305FA
152,0xC5408a43a1A7eA325C21265b71B4621b7B72aD40
153,0x0689E545e6268E540f191bb60EB39AEbb105EFD6
154,0x3895E5f6Be5d537357C08405BE34Eec2d8B39446
155,0xDf88b8497A989Df54E78bCdBAEd9e56318167379
156,0xdA90139e3f72E7f0d35782D5f3Cb5a92f7Dcbc59
157,0x761C597cA1A9B7A44F8D801CBA8a647863dc60cC
158,0x3C566A1b84d82A97a3fd82f8A320dFFf23874F0c
159,0xE0c55AE6EaB7eF1866174FF433988e89eD4F4bF9
160,0xba8A56cd92Ae0f7500f714FfE5Ecb6D3754B4f4e
161,0x7503A71531B0ef860E3993D7001c224a9924c32c
162,0x66A9FD72efAC6789933b359cCe06e5E3453A860c
163,0x2efF5cd41eB23D341c2d1Cc8e7186549aa408D2B
164,0xa8ac3325c8C75aDFdE301a24e3Ee725441786748
165,0x335495e1091be54A47289DA5Dd85029c103B7c00
166,0xd2E82D1B6781d63e7cADAD6e5931727eeFc75ef2
167,0xE4ae0e315eb887E3c736A6948305731f329D683A
168,0x9B39122E15D0AA023543AaA001D3B88D7E2A05e7
169,0x4c494cb24d8976EB242f9472A369B8F59aa52849
170,0x9A198FEfA48A5d8FF6b59AABE2c8201c8Fc2934A
171,0x402501bda14AB1B5898625b34A4Dd01DFF66a014
172,0xcc9a6A66f09487044D6B2bEbA1025B3cd28a1d15
173,0x420f53DdEebcABC63fA71B7614D6a7C04fdD3f77
174,0x70DAEcc09E420647C9B862C0a71c9901e0a8d552
175,0x1584315C38E8236BF77aCC80Ce5d066044fA7402
176,0x26D971daC3ca90A87da1CDAc6819833710B41074
177,0xE7b9B409c5840b733E7bE39D209d1F31ee507137
178,0xEb87a09e78C008011C1106d1Bb894d954f564CF7
179,0xC20F5C20CC01a5F963818255347A39120E10ABDC
180,0x79D72b8d1c38FFBC72e159A013c21ebd93567045
181,0x070855Bdae75113e9000039f42D3228AE79d768a
182,0x18272E10FaB9a0d5970e05B1e98c0908140642ab
183,0x28Eeb12ae21770f859dc7a20DeF26EAA04455f97
184,0xd9B746cF4d44e9dA61Ac64897Fa0c790925485eE
185,0x6AEA61f3eb1600B353445E60fCa5d6CA87525c89
186,0x25223461aF46239edE51C228Aa6B87c07a799d66
187,0xBfAfb55ef97AF25a4A628F0729079cA1370354e5
188,0xDE06C6d8Ec666Fa731Fb83F100b4043C5CCD8971
189,0x466eE22ee8d04bDEF23910576E66173D3EB5b39D
190,0xF5f08dAf46289bEBFeA5848921132218737dF5B8
191,0x1930fe608B074eE486843E91b12229866934CD14
192,0x15be11Be66426410818F5E371782ADF607FaEEbD
193,0xD646c8F40D294E9CA34252E606DA12ffcfAa2A23
194,0x76837012Bf44d41172C682C8901E3D0E7a9fd414
195,0x016B4511057d05d3b1730dED71f38f8876E13719
196,0x0A5bc1DEf273AC8c75a33de1b64Da568c918a066
197,0x0253669224e617D85c216C0f08A661433aB98210
198,0xd4c83f55A4C3942eF4a32ac4F05Fd7Fa34522db8
199,0x0077115C36cF4B31422C41Ff98fbe608377265D3
200,0x5a2EA001d2155aA5E769d506aB230FF0EDE36c47
201,0xbEf412F053350A0A5E0D0A47992B52D61A597785
202,0xC91424F022447F3A86E0B5475DF55b57CA2698a5
203,0x53615cf4AD2C4390412330073532F14dd7b725E3
204,0x540A66113CFca7050D2d53e042c58D6d93716496
205,0xe0ecd9f391fcC28639AaE389Bb9c6762b534be37
206,0x6Eca8f133a2f768E7554B2AD1217a80524040037
207,0xEF4B9856EB59738153FDD6A7c5bcdaB1269Aa833
208,0xc15A118a0429c013809b086c647e4cBC63e95E49
209,0x53f5a81Be4Fdb83cf05A0A53e6F20FF6b27F2e8D
210,0xBbb9c0BA594B6B5Fa18423Da7E97c0A31ABc002f
211,0x1Adf226c819D296227B0F3977D9005190374C883
212,0xd9d7Bf765420Ae380fFF8Ddf96b214760fF6CEf3
213,0xD96F020e037a1ca3B8Db8699D830F88803004dA5
214,0x55725bdb9CB87a1E639bc1DC6Ed3c61D55bc0661
215,0xe2f1A88B717C34E2cA1873fe22048B96F1dB9b47
216,0x9Dc0BAdc0F10964c0957C94384A9A0706F331738
217,0x470742Bf9AeDB097A0f3ED626022f397378D6045
218,0x53B8DAa1c8d574A90bB2b4eC1a73FD79b2658AdC
219,0x3e34327E472f61075f2B33B38523Ea553d690b7d
220,0xacaEDF618f3142D8c1CF15E6c45A475712182E0a
221,0x41df73e3A6182E0489133c1aE4155aAcE75e8EEb
222,0x855441053Ed43e0340e2AC3CeedC576bB9254Ba8
223,0x279bea3Fc321916F996465CC3AA03b509e35D310
224,0x3AA5299b4F59e1dA2Ce363A2794aA1ccD51BA58B
225,0x386960bB5CC289Bbb793eB3d7586a858230E6b43
226,0xB79098ef803074Cf73d3d941e7AA5063285D817e
227,0x8D90f846082f246F88C72C816D64984b3650E9Ce
228,0xbb3a9C2881CF72181a7a341E96dA8c1274f3Ba73
229,0x09BBf2f793670d9329Ab57279668dD45Eb128a6f
230,0x6738bddD460A3d585F261F26E836c427BEFf5D08
