round	persona	findings_produced	findings_revised	challenges_issued	flip_count	status
0	Architecture Reviewer	8	0	0	0	independent_analysis
0	Security Analyst	8	0	0	0	independent_analysis
0	Performance Engineer	8	0	0	0	independent_analysis
0	Reliability Engineer	8	0	0	0	independent_analysis
0	Devil's Advocate	8	0	0	0	independent_analysis
0	Cross-Chain Bridge	6	0	0	0	independent_analysis
0	Financial Precision	8	0	0	0	independent_analysis
0	Consensus Expert	8	0	0	0	independent_analysis
1	Architecture Reviewer	8	1	2	1	debate_round_1
1	Security Analyst	8	1	1	0	debate_round_1
1	Performance Engineer	7	1	0	1	debate_round_1
1	Reliability Engineer	8	1	1	0	debate_round_1
1	Devil's Advocate	8	2	6	2	debate_round_1
1	Cross-Chain Bridge	6	1	1	0	debate_round_1
1	Financial Precision	8	1	2	0	debate_round_1
1	Consensus Expert	8	1	1	1	debate_round_1
2	Architecture Reviewer	8	1	0	0	debate_round_2
2	Security Analyst	8	1	1	0	debate_round_2
2	Performance Engineer	7	0	0	0	debate_round_2
2	Reliability Engineer	8	1	1	0	debate_round_2
2	Devil's Advocate	8	1	1	1	debate_round_2
2	Cross-Chain Bridge	6	0	0	0	debate_round_2
2	Financial Precision	8	1	0	0	debate_round_2
2	Consensus Expert	8	1	0	0	debate_round_2
3	Architecture Reviewer	8	0	0	0	final_positions
3	Security Analyst	8	0	0	0	final_positions
3	Performance Engineer	7	0	0	0	final_positions
3	Reliability Engineer	8	0	0	0	final_positions
3	Devil's Advocate	8	0	0	0	final_positions
3	Cross-Chain Bridge	6	0	0	0	final_positions
3	Financial Precision	8	0	0	0	final_positions
3	Consensus Expert	8	0	0	0	final_positions
